Row;referenced_work;referenced_work_id;publication_year;referenced_source;referenced_source_id
0;An Exhortation to Theodore after His Fall;40000;1889;A Select Library of the Nicene and Post-Nicene Fathers (Schaff, Philipp et al.);60001
1;Carmen de Mundi contemptu;40007;1973;Not in God's image;60003
2;The English text of the Ancrene riwle;40008;1972;NULL;NULL
3;From St. Francis to Dante: Translations from the Chronicle of the Franciscan Salimbene;40009;1970;A History of Sex (G. L. Simons);60004
4;Les Vies des Plus Celebres et Anciens Poetes Provencaux;40010;1913;NULL;NULL
5;Love and the French ;40021;1959;NULL;NULL
6;Histoire Littéraire des Troubadours;40022;1774;NULL;NULL
7;Plutarch's Lives;40023;1883;NULL;NULL
8;Remedia Amoris ;40024;NULL;NULL;NULL
9;Plutarch's Lives, Translated from the Original Greek, with Notes Critical and Historical, and a New Life of Plutarch;40025;1957;NULL;NULL
10;Los trovadores ;40026;1883;NULL;NULL
11;The Art of Love;40027;1985;NULL;NULL
12;The Female Eunuch;40028;1972;NULL;NULL
13;The Philosophical Brothel, Part I;40029;1972;Art News;60005
14;Picasso's Suite 347 or Painting as an Act of Love;40030;1972;"Woman as Sex Object (Hess, Thomas B.; Nochlin, Linda)";60006
15;Theories of Modern Art;40031;1970;NULL;NULL
16;The Authoritarian Personality in Modern Art;40032;1974;Artforum (May 1974);60008
17;The Second Sex;40033;1949;NULL;NULL
18;Is Female to Male as Nature Is to Culture?;40034;1972;Feminist Studies 1, No. 2;60009
19;La Femme;40035;NULL;NULL;NULL
20;Women (La Femme);40036;1860;NULL;NULL
21;Prime Time: Art and Politics;40037;1975;Quest: A Feminist Quarterly;60010
22;Abstract Expressionism, Weapon of the Cold War;40038;1974;Artforum (June 1974);60014
23;The Retreat to Cultural Feminism;40039;1975;Feminist Revolution;60012
24;Quilts, the great American art;40040;1973;The Feminist Art Journal;60013
25;Crafts for Art's Sake;40041;1973;Ms. Magazine (May 1973);60016
26;"Catalogue Introduction to ""Changes"" ";40042;1976;NULL;NULL
27;Woman Hating;40043;1974;NULL;NULL
28;Orbiter, Vol. 15, No. 20;40044;1975;NULL;NULL
29;Orbiter, Vol. 15, No. 17;40045;1975;NULL;NULL
30;Art Week, Vol. 6, No. 29;40046;1975;NULL;NULL
31;Class and Feminism;40082;1974;NULL;NULL
32;Woman and Third World;40047;1973;New American Movement (June 1973);60018
33;Opinions of Working People Concering the Arts;40048;1975;;
34;The Pronoun Tyranny;40049;1976;The Fox, 3;60019
35;Women, Resistance and Revolution;40050;1974;NULL;NULL
36;Women and Equality;40051;1975;Partisan Review (Summer, 1975);60020
37;Feminism: The Essential Historical Writings;40052;1972;NULL;NULL
38;Marxism and Feminism;40053;1974;NULL;
39;Report: The First Festival of Women's Films;40054;1972;Artforum (September 1972);60021
40;Women Who Make Movies;40055;1975;NULL;NULL
41;Film Culture Reader;40056;1970;NULL;NULL
42;Community Art as Life Process;40058;1973;The Drama Review (September 1973);60022
43;Anna Halprin's Theatre and Therapy Workshop;40059;1976;The Drama Review (March 1976);60023
44;Life/art workshop processes;40060;1974;"Taking Part (Halprin, Lawrence; Burns, Jim)";60024
45;On Women;40062;1964;NULL;NULL
46;Brotando del Silencio;40066;NULL;NULL;NULL
47;On Freud's View of Female Psychology;40083;1974;Women & Analysis (Strouse, Jean);60025
48;The Development of Play and Fantasy in Boys and Girls;40084;1975;Psychoanalysis and Contemporary Science, Vo. 4;60026
49;Body Politics;40085;1977;NULL;NULL
50;Nonverbal Dimensions of Sex and Status Differences;40086;1976;NULL;NULL
51;The Forest People;40087;1962;NULL;NULL
52;Beyond Culture;40088;1976;NULL;NULL
53;!Kung Women;40089;1975;Toward an Anthropology of Women (Reiter, Rayna);60027
54;Kitchi-Gami: Wandering Round Lake Superior;40090;1860;NULL;NULL
55;The Trade Guilt of Southern Cheyenne Women;40091;1956;Bulletin of Oklahoma Anthropological Society;60028
56;Facing Mount Kenya;40092;1976;NULL;NULL
57;Iroquois Women: An Ethnographic Note;40093;1975;Toward an Anthropology of Women (Reiter, Rayna);60027
58;The Berber House, or the World Reversed;40094;1973;Rules and Meanings (Douglas, Mary);60029
59;From Tipi to Skyscraper: A History of Women in Architecture;40095;1973;NULL;NULL
60;Women in American Architecture: A Historic and Contemporary Perspective;40096;1977;NULL;NULL
61;The Second Sex;40033;1953;NULL;NULL
62;HIstoire Generale du Feminisme;40097;1921;NULL;NULL
63;Zur Geschichte der proletarischen Frauenbewegung Deutschlands;40098;1958;NULL;NULL
64;Hidden from History;40099;1973;NULL;NULL
65;Histoire de la Revolution de 1848;40100;1878;NULL;NULL
66;Mémoires, souvenirs et journaux de la comtesse d'Agoult;40101;1877;NULL;NULL
67;Gazette de femmes, no. 53;40118;1846;NULL;NULL
68;Le Femmes en 1848;40119;1948;NULL;NULL
69;Honore Daumier;40120;NULL;NULL;NULL
70;Voix des femmes, 4.20.1848;40121;1848;NULL;NULL
71;Voix des femmes, 3.2.1848;40122;1848;NULL;NULL
72;Pauline Roland;40123;1956;NULL;NULL
73;Charivari 6.30.1839;40124;1839;NULL;NULL
74;Charivari 1.30.1844;40125;1844;NULL;NULL
75;Charivari 4.2.1848;40126;1848;NULL;NULL
76;Les Guerilleres;40127;1969;NULL;NULL
77;Les Guerilleres (Translation);40128;1971;NULL;NULL
78;Redstockings Manifesto;40129;1969;NULL;NULL
79;The Doctrine of Anarchism of Michael A. Bakunin;40130;1955;NULL;NULL
80;Anarchism and Other Essays;40131;1969;NULL;NULL
81;The Revolution Betrayed;40132;1966;"Patterns of Anarchy (Krimerman, Leonard I.; Perry, Lewis)";60035
82;Rosa Luxemburg: Selected Political Writings;40133;1974;NULL;NULL
83;Rosa Luxemburg;40134;1966;NULL;NULL
84;Clara Zetkin: A Socialist Approach to the Problem of Women's Oppression;40135;1976;Feminist Studies, Spring-Summer 1976;60036
85;My Life as a Rebel;40136;1973;NULL;NULL
86;The Autobiography of a Sexually Emancipated Communist Woman;40137;1971;NULL;NULL
87;Women's Participation in Paid Producation under Capitalism: The Spanish Experience;40138;1976;Women and the Economy (Spring 1976);60037
88;Spanish Anarchism and Women's Liberation;40139;1971;Journal of Contemporary History (Vol. VI, No. 2, 1971);60038
89;Social and Political Thought of Federica Montseny, Spanish Anarchist 1923-1937;40140;1972;NULL;NULL
90;They Say That There's Protestants Walking With Us;40141;1976;The Friend;60039
91;Woman, Culture, and Society;40142;1974;NULL;NULL
92;In These Times (January 1977);40143;1977;NULL;NULL
93;We Want Peace, Just Peace;40144;1975;New York Times Magazine (Dec. 19, 1975);60040
94;Irish Republican Information Service (Oct. 14, 1976);40145;1976;NULL;NULL
95;The Price of Peace;40146;1976;NULL;NULL
96;A Simplest Systematics for the Organization of Turn Taking for Conversation;40147;1974;Language (September 1974);60041
97;On the Analyzability of Stories by Children;40148;1972;"Directions in Sociolinguistics: The Ethnography of Communication (Gumperz, John J.; Hymes, Dell)";60042
98;The Tall Office Buildings Artistically Considered;40149;1974;Kindergarden Chats and other Writings;60043
99;A New View of Skyscraper History;40150;1970;The Rise of an American Architecture (Kauffmann, Edgar);60044
100;La Ciel est la limite;40151;1975;L'architecture d'aujourd'hui (March-April 1975);60045
101;Machismo in American Architecture;40152;1974;Feminist Art Journal (Spring 1974);60046
102;High-rise-ing Women, Making a Mark on the Skyline;40153;1976;Chicago Tribune (August 8, 1976);60047
103;Monumental American Obelisks – Centennial Vistas;40154;1975;NULL;NULL
104;Your United States;40155;1925;The Suburban Trend (Douglas, Paul Harlan);60048
105;Skyscrapers: Builders and Their Tools;40156;1930;The Skyscraper;60049
106;On High Steel: The Education of an Iron Worker;40157;1975;NULL;NULL
107;The Empire State Building;40158;1975;NULL;NULL
108;Skyscrapers;40159;1942;The Architecture Lectures;60050
109;I Am an American;40160;1964;When All the Cathedrals Were White;60051
110;American Architecture and Urbanism;40161;1969;NULL;NULL
111;The Skyscraper, A Study in the Economic Height of Modern Office Buildings;40162;1930;NULL;NULL
112;Superville: New York, Aspects of Very High Bulk;40163;1973;Massachusetts Review (Summer 1973);60052
113;The Calgary Tower;40164;1976;Interlude (Sept.-Nov. 1976);60053
114;The Private Future;40165;1974;NULL;NULL
115;Bound for Glory;40167;1970;NULL;NULL
116;The Ultimate Highrise: San Francisco's Rush toward the Sky;40168;1971;NULL;NULL
117;My Desk Is Bigger Than Your Desk: Playing the New Office Status Game;40169;1977;Boston (March 1977);60055
118;Trade Center Fire Stirs Row;40170;1975;New York Daily News (February 15, 1975);60056
119;Twelve Cautionary Tales for Christmas: Premonitions of the Mystical Rebirth of Urbanism;40171;1971;Architectural Design (December 1971);60057
120;Build-Up;40172;1971;Cronopolis;60058
121;We Aren't Laughing... Any More;40173;1973;Ms Magazine (November 1973);60059
122;The Wit of Women;40174;1886;NULL;NULL
123;Laughing Their Way: Women's Humor in America;40175;1934;NULL;NULL
124;The Women of Punch;40176;1961;NULL;NULL
125;The Wit of Women;40177;1969;NULL;NULL
126;An Annotated Bibliography of Published Papers on Humor in the Research Literature and an Analysis of Trends: 1900-1971;40178;1972;"The Psychology of Humor (Goldstein, Jeffrey H.; McGhee, Paul E.)";60060
127;Heroes, Villains and Fools: The Changing American Character;40179;1962;NULL;NULL
128;Women Comics Get the Last Laugh;40180;1977;The New York Times (March 11, 1977);60061
129;The Ego and the Mechanisms of Defence;40181;1961;NULL;NULL
130;From the Center;40182;1976;NULL;NULL
131;He Disappeared Into Complete Silence;40183;1947;NULL;NULL
132;Women and Honor: Some Notes on Lying;40184;1977;Heresies #1 - Feminism, Art and Politics;60062
133;an anti-catalogue;40185;1977;NULL;NULL
134;A Lesbian Feminist: Jackie St. Joan;40186;1977;Big Mama Rag (Jan.-Feb. 1977);60063
135;The Last Straw;40187;1974;"Class and Feminism: A Collection of Essays From The Furies (Bunch, Charlotte; Myron, Nancy)";60064
136;Lesbians and the Class Position of Women;40188;1975;"Lesbianism and the Women's Movement (Myron, Nancy; Bunch, Charlotte)";60065
137;First and Last Notebooks (translated by Richard Rees);40189;1970;NULL;NULL
138;The Human Condition;40190;1958;NULL;NULL
139;The Social Relation of the Sexes: Methodological Implications of Women's History;40191;1976;Signs, Vol. 1. No. 4 (Summer 1976);60066
140;Selected Essays 1934-1943;40192;1962;NULL;NULL
141;Tribute to Freud;40193;1971;NULL;NULL
142;A Room of One's Own;40194;1929;NULL;NULL
143;Sinister Wisdom, Vol. 1 No. 2 (Fall 1976);40195;1976;NULL;NULL
144;Three Guineas;40196;1938;NULL;NULL
145;Oppression and Liberty (translated by Arthur Wills, John Petrie);40197;1973;NULL;NULL
146;Woman's Role in Economic Development;40198;1970;NULL;NULL
147;The Magic of Mexican Food North of the Border;40199;1977;The New York Times (September 21, 1977);60067
148;Culture and Conquest: America's Spanish Heritage;40200;1960;NULL;NULL
149;Being Indian in Hueyapan: A Study of Forced Identity in Contemporary Mexico;40201;1975;NULL;NULL
150;Tetela del Volcan;40202;1968;NULL;NULL
151;American Kinship;40203;1968;NULL;NULL
152;The Daily Life of the Aztecs (translated by P. O'Brien);40204;1962;NULL;NULL
153;The Dialectic of Sex;40205;1970;NULL;NULL
154;Meine Lebensbeichte;40206;NULL;NULL;NULL
155;Interview with Claudia Aleman;40207;1976;Frauen und Film;60068
156;Hautungen;40208;1975;NULL;NULL
157;Warum separierte Frauenkunst?;40209;NULL;Feminismus: Kunst und Kreativitat;60069
158;Ein andere Eindruck vom Begriff meines Korpers;40210;1976;Filmkritik (March 1976);60070
159;The Bell Jar;40211;1963;NULL;NULL
160;Romance and the Heart;40212;NULL;Contemporary Writers;60071
161;Dawn's Left Hand;40213;;NULL;NULL
162;Love, Sex and Marriage Through the Ages;40214;1974;NULL;NULL
163;Not in God's Image;40001;1973;NULL;NULL
164;Mystic Visions of Ascetic Women;40215;1959;The Medieval Mind;60072
165;The Lives of the Saints;40216;1914;NULL;NULL
166;The Penguin Dictionary of Saints;40217;1965;NULL;NULL
167;The Auto-Erotic Factor in Religion;40218;1936;Studies in the Psychology of Sex;60073
168;Select Letters of St. Jerome;40219;1963;NULL;NULL
169;The Artist as Exemplary Sufferer;40220;1961;Against Interpretation and Other Essays;60074
170;Art et Scholastique;40221;1927;NULL;NULL
171;Having an Experience;40222;1934;Art as Experience;60075
172;The Clerk's Tale;40223;NULL;NULL;NULL
173;Decameron;40224;NULL;NULL;NULL
174;What is Art? and Essays on Art (translated by Alymer Maude);40225;1930;NULL;NULL
175;Pamela's Daughter;40226;1963;NULL;NULL
176;The Sexual Life of Our Time (translated by M. Eden Paul);40227;1908;NULL;NULL
177;Fundamental Principles of the Rights in Family ;40228;1869;The Science of Rights (translated by A. E. Kroger);60076
178;Of Queen's Gardens;40229;1871;Sesame and Lilies: Three Lectures;60077
179;Reflexions sur le suicide;40230;1858;Ouvre le Madame la Baronne de Stael-Holstein;60078
180;Illuminations;40231;1969;NULL;NULL
181;The World of the Shining Prince;40232;1964;NULL;NULL
182;The Pillow Book of Sei Shonagon (translated by Ivan Morris);40233;1967;NULL;NULL
183;The Tale of Genji (translated by Edward Seidensticker);40234;1977;NULL;NULL
184;A Literature of Court and People;40235;1973;Half the World (Toynbee, Arnold);60079
185;Prince Genji: The Hero and His Culture;40236;1958;Art News (November 1958);60080
186;Japan;40237;1970;NULL;NULL
187;Japanese Literature;40238;1955;NULL;NULL
188;The Western World and Japan;40239;1973;NULL;NULL
189;Amore come rivoluzione;40262;1976;NULL;NULL
190;Quaderni dal carcere;40263;1975;NULL;NULL
191;Selections of the Prison Notebooks of Antonio Gramsci;40264;1971;NULL;NULL
192;Lettere dal carcere;40265;1973;NULL;NULL
193;Letters from Prison (translated by Lynne Lawner);40266;1973;NULL;NULL
194;Opera aperta;40267;1967;NULL;NULL
195;Narrative Space;40268;1976;Screen (Autumn 1976);60095
196;Women Workers Struggle for Their Rights;40269;1971;NULL;NULL
197;Sexual Relations and the Class Struggle;40270;1972;NULL;NULL
198;A Theory of Semiotics;40271;1976;NULL;NULL
199;Produzione del senso e messa in scena;40272;1975;NULL;NULL
200;untitled;40273;1976;Tuttolibri (April 17, 1976);60096
201;Prolegomena to a Theory of Language;40274;1961;NULL;NULL
202;Is there a Feminine Aesthetic?;40251;1977;New German Critique No. 10;60085
203;The Traffic in Women: Notes on the Political Economy of Sex;40275;1975;Toward an Anthropology of Women (Reiter, Rayna);60027
204;Maori Life in Ao-Tea;40296;1907;NULL;NULL
205;The Tlingit Indians;40297;1971;"North American Indians in Historical Perspective (Leacock, Eleanor; Lurie, O.)";60108
206;Patterns of Culture;40298;1959;NULL;NULL
207;Textile Designing and Samplers in Peru;40299;1961;Essays in Pre-Columbian Art and Archaeology (Lothrop, S. K.);60109
208;Paracas Fabrics and Nazca Needlework;40300;1954;NULL;NULL
209;Primitive Art;40301;1955;NULL;NULL
210;The Peruvian Industrial Labor Force;40302;1967;NULL;NULL
211;The Maoris of New Zealand;40303;1910;NULL;NULL
212;The Maori People of New Zealand;40304;1928;NULL;NULL
213;Textiles of Ancient Peru and Their Techniques;40305;1962;NULL;NULL
214;The Structure of Art;40306;1971;NULL;NULL
215;Indian Art in the Southwest;40307;1972;American Indian Art: Form and Tradition;60110
216;Indians of the Northwest Coast;40308;1955;NULL;NULL
217;Irene Remery Roundtable of Museum Textiles;40309;1974;NULL;NULL
218;The Columbia University Exhibition of Ancient Textiles from Peru, the Central Coast;40310;1965;NULL;NULL
219;Cultural Significance of Peruvian Textiles. Production, Function, Aesthetics;40311;1967;Peruvian Archaeology (Row, J. H., Menzel);60111
220;Primitives in Modern Art;40312;1967;NULL;NULL
221;Women Artists 1550-1950;40313;1976;NULL;NULL
222;Maori Women;40314;1972;NULL;NULL
223;Indian Blankets and Their Makers;40315;1914;NULL;NULL
224;The Navajo Blanket;40316;1975;NULL;NULL
225;The Bobbins of Belgium;40317;1920;NULL;NULL
226;Textiles and Basketry of the Paracas Period, Ice Valley, Peru;40318;1965;NULL;NULL
227;Old Civilizations of Incaland;40319;1924;NULL;NULL
228;Cloth and Its Functions in the Inca State;40320;1962;American Anthropologist (64, 1962);60112
229;The History of Lace;40321;1902;NULL;NULL
230;In Praise of Hands, Contemporary Crafts of the World;40322;1974;NULL;NULL
231;Maori Life and Custom;40323;1966;NULL;NULL
232;Social Life of the navajo Indians;40324;1928;NULL;NULL
233;Weaving a Navajo Blanket;40325;1936;NULL;NULL
234;Children of Changing Woman: Myth, Symbol and Navajo Women;40326;1977;NULL;NULL
235;Paracas Embroideries;40327;1941;NULL;NULL
236;Ancient Andean Textiles, Clothes for the Dead;40328;1977;Archaelogy, (30 (3), 1977);60113
237;Victorian Lace;40329;1968;NULL;NULL
238;Primitive Art: Its Traditions and Style;40330;1962;NULL;NULL
239;The Schools of Design;40331;1963;NULL;NULL
240;Marguerite Zorach: The Early Years, 1908-1920;40332;1973;NULL;NULL
241;Sonia Delauney;40333;1975;NULL;NULL
242;The Congress of Women;40334;1894;NULL;NULL
243;Flowers of Poetry;40335;1841;NULL;NULL
244;Flora's Interpreter;40336;1834;NULL;NULL
245;Rappaccini's Daughter;40337;1844;NULL;NULL
246;The Language of Flowers;40338;1856;NULL;NULL
247;American Still-Life Painting;40339;1971;NULL;NULL
248;The Flower Alphabet, or Little May's First Lesson;40340;1845;NULL;NULL
249;The Second City;40341;1975;NULL;NULL
250;Charles Rennie Mackintosh and the Modern Movement;40342;1952;NULL;NULL
251;Furniture by Charles Rennie Mackintosh;40343;1969;NULL;NULL
252;The Glasgow Boys, Part Two: The History of the Group and Illustrations;40344;1971;NULL;NULL
253;Catalogue of the Fifth Exhibition, 1896;40345;1896;NULL;NULL
254;The Studio (IX, December 1896);40346;1896;NULL;NULL
255;The Studio (XI, July 1897);40347;1897;NULL;NULL
256;Art Nouveau;40348;1962;NULL;NULL
257;Adelaide Alsop Robineau;40349;1929;Design XXX, No. 11;60114
258;Grand Feu Ceramics;40350;1905;NULL;NULL
259;An American Potter, her Home and Studio;40351;1910;American Homes and Gardens (September 1910);60115
260;Art Pottery of the United States, an Encyclopedia of Producers and their Marks;40352;1974;NULL;NULL
261;American Pottery;40353;1917;The Art World, III (November 1917);60116
262;Robineau Porcelains;40354;1907;NULL;NULL
263;Letter from Adelaide Alsop Robineau to Fernando Carter;40355;1915;NULL;NULL
264;The Bauhaus: Weimar Dessau Berlin;40356;1969;NULL;NULL
265;Bauhaus 1919-1928;40357;1938;NULL;NULL
266;Anni Albers;40358;1977;NULL;NULL
267;On Designing;40359;1959;NULL;NULL
268;Bauhaus and Bauhaus People;40360;1970;NULL;NULL
269;Interview with Neil Welliver;40361;1965;NULL;NULL
270;Fashion Notes;40362;1938;Time Magazine (May 3, 1938);60117
271;Degas' 'Misogyny';40363;1977;Art Bulletin (March 1977);60118
272;Mannerism and Anti-Mannerism in Italian Painting;40364;1965;NULL;NULL
273;Painting in Italy, 1500 to 1600;40365;1971;NULL;NULL
274;How To Make Something from Nothing;40366;1968;NULL;NULL
275;Creating with Cattails, Cones and Pods;40367;1971;NULL;NULL
276;Feather Flowers and Arrangements;40368;1967;NULL;NULL
277;Feminist Abstract Art – A Political Viewpoint;40369;1977;Heresies #1 - Feminism, Art and Politics;60062
278;Class Notes;40370;1977;Heresies #3 – Lesbian Art and Artists;60119
279;In Her Image;40371;1977;Heresies #2 – Patterns of Communication and Space Among Women;60120
280;From Nudity to Raiment;40372;1929;NULL;NULL
281;Costume Throughout the Ages;40373;1930;NULL;NULL
282;Gypsies: The Hidden Americans;40374;1975;NULL;NULL
283;Historic Costume for the Stage;40375;1935;NULL;NULL
284;Two Centuries of Costume in America;40376;1910;NULL;NULL
285;Land and Social Change in East Nepal;40377;1970;NULL;NULL
286;Tibetan Frontier Families;40378;1978;NULL;NULL
287;The Himalayan Women;40379;1976;NULL;NULL
288;Art and Life in Polynesia;40380;1973;NULL;NULL
289;The Art of the South Seas;40381;1968;NULL;NULL
290;Eskimo Realities;40382;1973;NULL;NULL
291;A Yoruba Master Carver: Duga of Meko;40383;1975;The Traditional Artist in African Societies;60121
292;Primitive Art;40384;1962;NULL;NULL
293;Enriching Daily Life: The Artist and the Artisan;40385;1972;American Indian Art: Form and Tradition;60110
294;Hawaiian Sculpture;40386;1974;NULL;NULL
295;Marquesan Culture;40387;1939;The Individual and His Society (Kardiner, Abram);60122
296;African Women/African Art;40388;1976;NULL;NULL
297;Creativity and Style in African Art;40389;1969;Tradition and Creativity in Tribal Art (Biebuyck, Daniel);60123
298;Religion and Art in Ashanti;40390;1959;NULL;NULL
299;African Textiles and Decorative Art;40391;1972;NULL;NULL
300;The Carver in Anang Society;40392;1975;The Traditional Artist in African Societies;60121
301;The Social Context of Art in Northern New Ireland;40393;1969;NULL;NULL
302;Wow-Ipits (translated by Inez W. Seeger);40394;1967;NULL;NULL
303;Abatan: A Master Potter of the Egbado Yoruba;40395;1969;Tradition and Creativity in Tribal Art (Biebuyck, Daniel);60123
304;A Preliminary Analysis of Symbolism in Eskimo Art and Culture;40396;1972;Proceedings of the International Congress of Americanists, Vol. II;60124
305;Roots of Primitive Art;40397;1971;Anthropology and Art (Otten, Charlotte M.);60125
306;Polynesian Religion;40398;1927;Bernice P. Bishop Museum Bulletin, No. 79;60126
307;Purity and Danger;40399;1966;NULL;NULL
308;Tribal Studies in Northern Nigeria, Vol. II;40400;1931;NULL;NULL
309;The Shape of Time;40401;1974;NULL;NULL
310;The String Figures of Yirrkalia;40402;1960;The American-Australian Scientific Expidition to Arnhem Land, Vol. II;60127
311;Women Artists of Mithila;40403;1977;NULL;NULL
312;Ein Volk von Malerinnen;40404;1977;Emma, No. 6 (June 1977);60128
313;Encounter and Experience: Personal Accounts of Fieldwork;40405;1975;NULL;NULL
314;The Hindu Woman;40406;1953;NULL;NULL
315;Purdah: The Status of Indian Women;40407;1932;NULL;NULL
316;Society in India;40408;1870;NULL;NULL
317;Indian Women: Second Class Citizens;40409;1975;Illustrated Weekly of India, Vol. XCVI, No. 9 (March 2, 1975);60129
318;Indian Women and Leadership;40410;1975;Bulletin of Concerned Asian Scholars, Vol. 7, No. 1 (January-March 1975);60130
319;The Rajputs of Khalapur, India;40411;1966;NULL;NULL
320;Sexual Class in India;40412;1975;Bulletin of Concerned Asian Scholars, Vol. 7, No. 1 (January-March 1975);60130
321;Caste, Class and Women's Liberation in India;40413;1975;Bulletin of Concerned Asian Scholars, Vol. 7, No. 1 (January-March 1975);60130
322;Status of Women and Family Planning;40414;1975;NULL;NULL
323;Textiles and Ornaments of India;40415;1956;NULL;NULL
324;The Hand and the Heart;40416;1969;MARG;60131
325;The Technique of Porcupine Quill Decoration among the Indians of North America;40417;1971;NULL;NULL
326;The Cheyenne Indians;40418;1972;NULL;NULL
327;Quill and Beadwork of the Western Sioux;40419;1940;NULL;NULL
328;American Needlework;40420;1938;NULL;NULL
329;Cheyenne Autumn;40421;1953;NULL;NULL
330;The Enduring Beauty of Cheyenne Art;40422;1973;The American West (July 1973);60132
331;Afghan Carpets;40423;1973;Expedition 15 (2);60133
332;Two Kongo Potters;40424;1975;African Arts, Vol. IX, No. 1 (October 1975);60134
333;A Cross-Cultural Summary;40425;1967;NULL;NULL
334;Factors in the Division of Labor by Sex: A Cross-Cultural Analysis;40426;1973;Ethnology, vol. 12;60135
335;Ritual and Symbol in Transitional Zaramo Society;40427;1970;NULL;NULL
336;Tribes of the Niger Delta;40428;1932;NULL;NULL
337;Art as a Verb in Iboland;40429;1969;African Arts (Autumn 1969);60136
338;Mbari is Life;40430;1969;African Arts (Spring 1969);60137
339;Mbari is Dance;40431;1969;African Arts (Summer 1969);60138
340;Ceramic Figures: Their Ceremonial Use in Primitive Rites in Tanganyika;40432;1956;NULL;NULL
341;Power and Art in a Senufo Village;40433;1975;African Arts (Spring 1975);60139
342;Sexual Insult and Female Militancy;40434;1975;Perceiving Women;60140
343;Beads as Regulating the Social Life of the Zulu and the Swazi;40435;1968;Everyman His Way (Dundes, Alan);60141
344;Bokolanfini, Mud Cloth of the Bamana of Mali;40436;1970;African Arts (Summer 1970);60142
345;"""Bitter Melons"": A Study Guide";40437;1974;NULL;NULL
346;Dance and Human History;40438;NULL;NULL;NULL
347;Women's Songs in Serbo-Croatian;40439;1977;Journal of American Folklore, 90;60143
348;The Bormliza: Maltese Folksong Style and Women;40440;1975;Women and Folklore (Farrar, Claire);60144
349;Women Singers in Darfur, Sudan Republic;40441;1973;Anthropos, 68;60145
350;The Pottery of Ushafa;40442;1977;African Arts (Spring 1977);60146
351;Tapa Techniques and Tapa Patterns in Polynesia;40443;1973;Primitive Art and Society (Forge, Anthony);60147
352;Women and Men, Cloth and Colonization: The Transformation of Production-Distribution Relations among the Baule (Ivory Coast);40444;1977;Cahier d'Etudes Africaines 65, XVII (1);60148
353;The Pueblo Potter;40445;1969;NULL;NULL
354;Yurok-Karok Basket Weavers;40446;1932;University of California Publications in American Archaeology and Ethnology 32;60149
355;For Colored Girls Who Have Considered Suicide When the Rainbow is Enuf;40447;1976;NULL;NULL
356;Spiritual Exploration Cross-Country;40448;1975;Quest (Spring 1975);60150
357;Religion as a Cultural System;40449;1965;"Reader in Comparative Religion, 2nd Edition (Lessa; Vogt)";60151
358;Women, Ritual, and Religion;40450;1977;NULL;NULL
359;Beyond God the Father;40451;1974;NULL;NULL
360;New Woman: New Earth;40452;1975;NULL;NULL
361;Malleus Maleficarum;40453;1971;NULL;NULL
362;Menstruation and Birth in Rituals in Australia;40454;NULL;The Journal of the American Academy of Religion;60152
363;Through the Flower;40455;1975;NULL;NULL
364;Of Woman Born;40456;1977;NULL;NULL
365;The Fear of Women;40457;1958;NULL;NULL
366;Witchcraft and Women's Culture;40458;NULL;Starhawk;60153
367;Earliest Civilizations of the Near East;40459;1965;NULL;NULL
368;Ursa Maior: Menstrual Moon Celebration;40460;1976;Moon, Moon (Rush, Anne Kent);60154
369;The Human Situation: A Feminine View;40461;1959;Journal of Religion, Vol. 40;60155
370;Old Time Woman;40462;1974;NULL;NULL
371;Shamanism;40463;1964;NULL;NULL
372;Quite Contrary: Body, Nature, Ritual in Women's Art;40464;1977;Chrysalis (Autumn 1977);60156
373;Witchcraft;40465;1974;Country Women (April 1974);60157
374;Speaking to Ourselves;40466;1974;Womanspirit (Autumn 1974);60158
375;Menstruation: Body and Spirit;40467;1976;Womanspirit (June 1976);60159
376;Sundance (Spring 1977);40468;1977;NULL;NULL
377;The Moon Goddess in Central America;40469;1939;NULL;NULL
378;The Qualitative Leap Beyond Patriarchal Religion;40470;NULL;Quest Vol. 1. No. 1;60160
379;Tortillas for the Gods;40471;1976;NULL;NULL
380;Men in Groups;40472;1969;NULL;NULL
381;Touch;40473;1971;Configurations;60161
382;Environmental Theater;40474;1973;NULL;NULL
383;Dramas, Fields and Metaphors;40475;1974;NULL;NULL
384;Book of the Hopi;40476;NULL;NULL;NULL
385;Mont-Saint-Michel & Chartres;40477;1959;NULL;NULL
386;Matrimandir;40478;1977;NULL;NULL
387;Mazes and Labyrinths of the World;40479;1976;NULL;NULL
388;Megalithic Software;40480;1975;NULL;NULL
389;The Mysteries of Chartres Cathedral;40481;1972;NULL;NULL
390;The Silbury Treasure: The Great Godess Rediscovered;40482;1977;NULL;NULL
391;The Avebury Cycle;40483;1977;NULL;NULL
392;Great Zimbabwe;40484;1973;NULL;NULL
393;The Gods and Goddesses of Old Europe: 7000-3500 B. C.;40485;1974;NULL;NULL
394;Atlas of Ancient Archeology;40486;1974;NULL;NULL
395;The Healing Gods of Ancient Civilizations;40487;1972;NULL;NULL
396;Eleusis;40488;1977;NULL;NULL
397;The Sacred Marriage Rite;40489;1969;NULL;NULL
398;The Gate of Horn;40490;1963;NULL;NULL
399;Greece, Gods, and Art;40491;1968;NULL;NULL
400;Island of Isis;40492;1976;NULL;NULL
401;The Roots of Civilization;40493;1972;NULL;NULL
402;Living Architecture: Japanese;40494;1970;NULL;NULL
403;Catal Huyuk;40495;1967;NULL;NULL
404;The Neolithic of the Near East;40496;1975;NULL;NULL
405;The View over Atlantis;40497;1969;NULL;NULL
406;The Earth Spirit;40498;1975;NULL;NULL
407;Eleusis and the Eleusinian Mysteries;40499;1961;NULL;NULL
408;The Gnostic Circle;40500;1975;NULL;NULL
409;The Dawn of Civilization;40501;1971;NULL;NULL
410;The Mystical Spiral;40502;1974;NULL;NULL
411;Sensitive Chaos;40503;1965;NULL;NULL
412;The Earth, the Temple, and the Gods;40504;1969;NULL;NULL
413;When God Was a Woman;40505;1976;NULL;NULL
414;The Pattern of the Past;40506;1973;NULL;NULL
415;The Realm of the Great Goddess;40507;1961;NULL;NULL
416;Isis in the Graeco-Roman World;40508;1971;NULL;NULL
417;A Different Heaven and Earth;40509;1972;NULL;NULL
418;The First Sex;40510;1971;NULL;NULL
419;Introduction to the Chakras;40511;1974;NULL;NULL
420;Passages About Earth;40512;1973;NULL;NULL
421;The Cult of the Mother Goddess;40513;1959;NULL;NULL
422;Rosalind Franklin and DNA;40514;1975;NULL;NULL
423;Signs and Symbols in Christian Art;40515;1975;NULL;NULL
424;Number and Time (translated by Andrea Dykes);40516;1974;NULL;NULL
425;Pyramid Power;40517;1976;NULL;NULL
426;Les Symbolisme des Nombres;40518;1948;NULL;NULL
427;The Mystic Spiral, Journey of the Soul;40519;1974;NULL;NULL
428;Yoga;40520;1959;NULL;NULL
429;Greek Mythology;40521;1969;NULL;NULL
430;The White Goddess;40522;1960;NULL;NULL
431;Yoga and the Hindu Tradition;40523;1976;NULL;NULL
432;The Universe and Dr. Einstein;40524;1952;NULL;NULL
433;The Greek Myths;40525;1955;NULL;NULL
434;An Introduction to Embriology;40526;1975;NULL;NULL
435;British Society for Developmental Biology, Symposium 2;40527;1975;NULL;NULL
436;Genetics of the Evolutionary Process;40528;1970;NULL;NULL
437;Reproduction in Mammals: Vol. 1, Germ Cells and Fertilization;40529;1972;NULL;NULL
438;The Feminine in Fairytales;40530;1972;NULL;NULL
439;Birth and Rebirth (translated by Willard R. Trask);40531;1958;NULL;NULL
440;Yoga: Immortality and Freedom (translated by Willard R. Trask);40532;1970;NULL;NULL
441;Patterns in Comparative Religion (translated by Rosemary Sheed);40533;1963;NULL;NULL
442;The Decipherment of Linear B;40534;1970;NULL;NULL
443;Stone Men of Malekula;40535;1942;NULL;NULL
444;The Eye Goddess and The Evil Eye;40536;1978;Lady-Unique-Inclination-of-the-Night;60162
445;The Origins and History of Consciousness;40537;1954;NULL;NULL
446;The Rites of the Twice-Born;40538;1920;NULL;NULL
447;Amulets and Talismans;40539;1968;NULL;NULL
448;Themis: A Study of the Social Origins of Greek Religion;40540;1962;NULL;NULL
449;The Great Mother: An Analysis of an Archetype;40541;1970;NULL;NULL
450;The Gods of the Egyptians;40542;1969;NULL;NULL
451;Diva Matrix;40543;1953;Journal of the Warburg and Courtauld Institute, Vol. 16;60163
452;The Book of the Dead;40544;1960;NULL;NULL
453;Egyptian Magic;40545;1971;NULL;NULL
454;The Hero with a Thousand Faces;40546;1949;NULL;NULL
455;Jewish Magic and Superstition: A Study in Folk Religion;40547;1975;NULL;NULL
456;Zoological Mythology;40548;1872;NULL;NULL
457;Symbols of Transformation (translated by R. F. C. Hull);40549;1967;NULL;NULL
458;Androgeny: Towards a New Theory of Sexuality;40550;1976;NULL;NULL
459;Complex, Archetype, Symbol in the Psychology of C. G. Jung;40551;1959;NULL;NULL
460;The Goddess Temple;40552;NULL;Humanist Ideas in Architecture, Vol. XXIX, No. 1;60164
461;Mary Beth Edelson's Great Goddess;40553;1975;Arts Magazine (November 1975);60165
462;A Magic Dwells;40554;1970;NULL;NULL
463;Spider Woman Manifesto;40555;1978;Lady-Unique-Inclination-of-the-Night;60162
464;The 7,000 Year Old Woman;40556;1977;Heresies #3 – Lesbian Art and Artists;60119
465;Interview with Judy Chicago;40557;NULL;Chrysalis, No. 4;60166
466;Progress Report on Ecological Rape;40558;1972;Art in America, Vol. 60 (July-August 1972);60167
467;The Chaco Canyon and Its Monuments;40559;1936;NULL;NULL
468;Kiva Art of the Anasazi at Pottery Mound;40560;1973;NULL;NULL
469;Pueblo Architecture and Our Own;40561;1954;Landscape, Vol. 3 (Winter 1953-1954);60168
470;From the Beginning of Life to the Day of Purification: Teachings, History and Prophecies of the Hopi People;40562;1972;NULL;NULL
471;The Religious Architecture of New Mexico in the Colonial Period and Since the American Occupation;40563;1973;NULL;NULL
472;Truth of the Hopi: Stories Relating to the Origin, Myths and Clan Histories of the Hopi;40564;1967;NULL;NULL
473;Pueblo: Mountain, Village, Dance;40565;1975;NULL;NULL
474;The Old Ones: Indians of the American Southwest;40566;1965;NULL;NULL
475;Logico-Aesthetic Integration in Hopi Culture;40567;1945;NULL;NULL
476;The Hopi Way;40568;1965;NULL;NULL
477;Staff Report on Mineral Leasing on Indian Lands;40569;1975;NULL;NULL
478;Female Circumcision and Fertility in Africa;40570;1976;Women and Health, Vol. 1 No. 1;60169
479;A Historical Perspective on Women's Health Care – Female Circumcision;40571;1976;Women and Health, Vol. 1 No. 6;60170
480;The Woman in Indian Art;40572;1970;NULL;NULL
481;Mother-Right in India;40573;1941;NULL;NULL
482;The Masks of God: Primitive Mythology;40574;1959;NULL;NULL
483;The Indus Civilization;40575;1969;NULL;NULL
484;5,000 Years of the Art of India;40576;NULL;NULL;NULL
485;Indian Women Through the Ages;40577;1964;NULL;NULL
486;Ancient India: A History of Its Culture and Civilization;40578;1965;NULL;NULL
487;The New Golden Bough;40579;1959;NULL;NULL
488;Indian Mother Goddess;40580;1971;NULL;NULL
489;Encyclopaedia of Religion and Ethics, Vols. I and III;40581;1951;NULL;NULL
490;Studies in Ancient Greek Society;40582;1949;NULL;NULL
491;Lunaception;40583;1976;Moon, Moon (Rush, Anne Kent);60154
492;Rites and Symbols of Initiation;40584;1958;NULL;NULL
493;Myth and Reality;40585;1962;NULL;NULL
494;India: Land of the Black Pagoda;40586;1930;NULL;NULL
495;Primitive Religion: Its Nature and Origin;40587;1937;NULL;NULL
496;Witches, Midwives, and Nurses: A History of Women Healers;40588;NULL;NULL;NULL
497;Asian Women and Eros;40589;1958;NULL;NULL
498;Hindu Religion, Custom and Manners;40590;1971;NULL;NULL
499;The Mother Goddess;40591;1943;NULL;NULL
500;Tantra Asana;40592;1971;NULL;NULL
501;The Sacred Fire: The Story of Sex in Religion;40593;1958;NULL;NULL
502;Mothers;40594;1977;NULL;NULL
503;The Status of Women in Ancient India;40595;1955;NULL;NULL
504;Tantra: The Indian Cult of Ecstasy;40596;1973;NULL;NULL
505;Castes and Tribes of South India;40597;1970;Mother-Right in India;60171
506;Censi;40598;1970;Mother-Right in India;60171
507;Williams Obstretrics (14th ed.);40599;1971;NULL;NULL
508;Towards Equality: Report of the Comittee on the Status of Women in India;40600;1974;NULL;NULL
509;Sequelae of Female Circumcision;40601;1975;Tropical Doctor (October 1975);60172
510;Circumcision and Infibulation of Females;40602;1967;Sudan Medical Journal, Vol. 5, No. 4;60173
511;La Cite magique et magie en Afrique Noire;40603;1972;NULL;NULL
512;Etude sur une coutume somalie: les femmes cousues;40604;1973;Journal de la Societe des Africanistes, Vol. Vi;60174
513;Gynaecology in the Country of the Sewn Women;40605;1972;Acta Chirurgica Belgica, No. 3 (May 1972);60175
514;Damage to Physical Health from Pharonic Circumcision (Infabulation) of Females: A Review of Medical Literature;40606;NULL;NULL;NULL
515;Famille et Developpement;40607;1975;NULL;NULL
516;Circumcision: How Much Longer Will We Allow Our Girls to Be Brutalized in This Barbaric Way?;40608;1977;The Drum (Nov. 1977);60176
517;Women and Health;40609;1975;WIN News;60177
518;Female Circumcision;40610;1975;WIN News;60177
519;Genital Mutilation of Women in Africa;40611;1976;Munger Africana Library Notes;60178
520;Weibliche Zirkumzision und Infibulation in Athiopien;40612;1966;Acta Tropica;60179
521;Sociocultural Practices Relating to Obstetrics and Gynaecology in a Community of West Africa;40613;1964;American Journal of Obstetrics and Gynaecology (June 15, 1964);60180
522;Female Circumcision and Fertility in Africa;40614;1976;Women and Health – Issues in Women's Health Care, Vol. 1, No. 6;60181
523;Female Circumcision in Africa;40615;1978;Victimology, an International Journal, Vol. II, No. 3/4;60182
524;Clitoridectomy: Female Circumcision in Egypt;40616;1973;Folk, Vol. 14-15;60183
525;Female Genital Mutilation, Fertility Control, Women's Roles and the Patrilineage in Modern Sudan: A Functional Analysis;40617;1975;American Ethnologist, Vol. 2, No. 4;60184
526;L'excision: base de la stabilite familale ou rite cruel?;40618;1975;Famille et Developpment;60185
527;The Proceedings of the International Tribunal on Crimes Against Women;40619;1976;NULL;NULL
528;The Traffic in Women: Notes on the Political Economy of Sex;40275;1975;Toward an Anthropology of Women (Reiter, Rayna);60027
529;The Origin of the Family;40621;1975;Toward an Anthropology of Women (Reiter, Rayna);60187
530;Engels Revisited: Women, the Organization of Production, and Private Property;40622;1975;Toward an Anthropology of Women (Reiter, Rayna);60188
531;Aboriginal Woman: Male and Female Anthropological Perspectives;40623;1975;Toward an Anthropology of Women (Reiter, Rayna);60189
532;Introduction to Fredrick Engels;40624;1972;The Origins of the Family, Private Property and the State;60187
533;Women of the Forest;40625;1974;NULL;NULL
534;Flora Tristan;40626;1972;NULL;NULL
535;Si me permiten hablar...' Testimonio de Domitila una mujer de las minas de Bolivia;40627;1977;NULL;NULL
536;Mein Kampf (translated by Ralph Manheim);40628;1962;NULL;NULL
537;Documents on Nazism 1919-1945;40629;1975;NULL;NULL
538;Sexual Suicide;40630;1973;NULL;NULL
539;The Inevitability of Patriarchy;40631;1973;NULL;NULL
540;Sociobiology: The New Synthesis;40632;1975;NULL;NULL
541;The Subordinate Sex: A History of Attitudes Towards Women;40633;1974;NULL;NULL
542;The Anti-Sex: The Belief in the Natural Inferiority of Women: Studies in Male Frustration and Sexual Conflict;40634;1964;NULL;NULL
543;Sexual Life in Ancient Rome;40635;1971;NULL;NULL
544;Goddesses, Whores, Wives and Slaves: Women in Classical Antiquity;40636;1975;NULL;NULL
545;A History of the Family as a Social and Educational Institution;40637;1930;NULL;NULL
546;A Short History of Marriage;40638;1926;NULL;NULL
547;Sex, Family, and the New Right: Anti-Feminism as a Political Force;40639;1978;Radical America (Nov. 1977-Feb. 1978);60188
548;A Feminist Perspective on Some Ethical Issues in Population Programs;40640;1976;Signs, Vol. 1. No. 4 (Summer 1976);60066
549;Woman's Body, Woman's Right;40641;1976;NULL;NULL
550;Contraceptives for Males;40642;1975;Signs, Vol. 1, No. 2 (Winter 1975);60189
551;Oral Contraceptives – Another Look;40643;1978;American Journal of Public Health, Vol 68, No. 4 (April 1978);60190
552;Mortality and Fertility Control;40644;1977;Women & Health, Vol. 2, No. 1 (July/Aug. 1977);60191
553;FDA Proposes New Physician Labeling and Patient Guide to IUD Effects, Contraindications and Potential Risks;40645;1975;Family Planning Perspectives, Vol. 7, No. 4 (July/Aug 1975);60192
554;PID INcidence Greater Amond IUD Users Than Nonusers But Incidence Still Low – About Two Percent Per Year;40646;1976;Family Planning Perspectives, Vol. 8, No. 3 (May/June 1976);60193
555;Assessing the Intrauterine Device;40647;1975;Family Planning Perspectives, Vol. 7, No. 3 (May/June 1975);60194
556;FDA Acts on Depo-provera;40648;1978;The Spokeswoman, Vol. 8, No. 11 (May 15, 1978);60195
557;Five Studies: No Apparent Harmful Effect from Legal Abortion on Subsequent Pregnancies, D&C is Possible Exception;40649;1978;Family Planning Perspectives, Vol. 10, No. 1 (Jan/Feb 1978);60196
558;Population Target: The pOlitical Economy of Population Control in Latin America;40650;1976;NULL;NULL
559;Population Control in the Third World;40651;1970;NACLA Newsletter, Vol. IV, No. 8 (Dec 1970);60197
560;Connectin Women with Population Policy;40652;1974;World Citizen/Federalist Letter, Vol. XX, No. 6 (Sept 1974);60198
561;Blame MD 'Mismanagement' for Contraceptive Failure;40653;1976;Family Planning Perspectives, Vol. 8, No. 2 (March/April 1976);60199
562;Action taken at Bucharest;40654;1972;NULL;NULL
563;Science, Vol 172;40655;1971;NULL;NULL
564;The Use of Incentives for Fertility Reduction;40656;1976;American Journal of Public Health, Vol. 68, No. 2 (Feb 1976);60200
565;Workbook on Sterilization & Sterilization Abuse;40657;1978;NULL;NULL
566;Our Bodies, Ourselves;40658;1976;NULL;NULL
567;Sterilization;40659;1975;Health Pac Bulletin, 62 (Jan/Feb 1975);60201
568;Sterilization Guidelines;40660;1975;Health Pac Bulletin, 65 (Jan/Feb 1975);60202
569;The Legacy of Malthus: the Social Costs of the New Scientific Racism;40661;1977;NULL;NULL
570;The Hidden Malpractice;40662;1977;How American Medicine Treats Women as Patients and Professionals;60203
571;Review of Population Target (Mass, 1977);40663;1978;Chrysalis, Vol. 4 (Winter 1977/1978);60204
572;Latin American Perspectives, Vol. 15 (Fall 1977);40664;1977;NULL;NULL
573;The Politis of Population Control;40665;1977;NULL;NULL
574;Sterilization Abuse;40666;1978;Women's Center Reid Lectureship;60205
575;Women and the Crisis in Sex Hormones;40667;1977;NULL;NULL
576;Thamaloty in Hyperactive and Aggressive Behavior;40668;1970;Confin. Neurol., 32;60206
577;Letter to the Editor: Role of Brain Disease in Riots and Urban Violence;40669;1967;American Medical Assocation Journal;60207
578;Violence and the Brain;40670;1970;NULL;NULL
579;Lobotomies are Still Bad Medizine;40671;1972;Medical opinion (March 1972);60208
580;Psychosurgery;40672;1950;NULL;NULL
581;Electrical Self-Stimulation of the Brain in Man;40673;1966;"Control of Human Behavior (Ulrich, R.; Stachnick, T.; Marby, J.)";60209
582;Physical Control of the Mind: Toward a Psychocivilized Society;40674;1970;NULL;NULL
583;Psychocivilization or Electroligarchy: Dr. Delgaod's Amazing World of ESB;40675;1970;Yale University Alumni Magazine (Jan. 1970);60210
584;Criminals Can Be Brainwashed Now;40676;1970;Psychology Today (April 1970);60211
585;The Russian Experiment in Art;40677;1962;NULL;NULL
586;The Politics of Experience;40697;1967;NULL;NULL
587;Les Blanchisseries - gygiene et pratique du blanchissage;40698;1910;NULL;NULL
588;La femme dans l'industrie;40699;1906;NULL;NULL
589;Le Travail des femmes au XIXe siecle;40700;1888;NULL;NULL
590;Ambition, Love, Politics;40701;1973;NULL;NULL
591;Edgar Degas;40702;1958;NULL;NULL
592;L'Assommoir;40703;1876;NULL;NULL
593;La Femme a Paris;40704;1894;NULL;NULL
594;Le Cafe-concert;40705;1893;NULL;NULL
595;Zola;40706;1945;NULL;NULL
596;The Age of Capital, 1848-1875;40707;1975;NULL;NULL
597;The Women Incendiaries;40708;1963;NULL;NULL
598;Keywords;40709;1976;NULL;NULL
599;Theses on the Philosophy of History;40710;1973;Illuminations;60221
600;Preface to Franz Fanon's Wretched of the Earth;40711;1968;NULL;NULL
601;Motor Trade Management;40712;1977;NULL;NULL
602;Victim as Criminal and Artist;40713;1978;NULL;NULL
603;Thirteen Ways to Leave Your Lover;40714;1978;New Times (Feb 6, 1978);60222
604;A Killing Excuse;40715;1977;Time (Nov 28, 1977);60223
605;The Right to Kill;40716;1975;Newsweek (Sept 1, 1975);60224
606;Wives Accused of Slayings Turning to Self-Defense Pleas;40717;1977;Washington Post (Dec 4, 1977);60225
607;Wives Who Batter Back;40718;1978;Newsweek (Jan 30, 1978);60226
608;Women and Crime;40719;1975;NULL;NULL
609;Victorian Murderesses;40720;1977;NULL;NULL
610;The Female Offender as an Object of Criminological Research;40721;1974;The Female Offender;60227
611;The Etiology of Female Crime: A Review of the Literature;40722;1973;Issues in Criminology, Vol. 8, No. 2;60228
612;Sisters in Crime;40723;1975;NULL;NULL
613;Women in the Courts: Present Trends and Future Prospects;40724;1977;Crime and Deliquency, April 1977;60229
614;The Forgotten Female Offender;40725;1977;Chitty's L.J., 24, 25;60230
615;Protecting the Child Victim of Sex Crimes Committed by Adults;40726;1971;Fed. Probation 15, 16;60231
616;The Sexual Abuse of Children;40727;1974;Rape: The First Sourcebook For Women;60232
617;Critics Assail Linking Feminism With Women In Crime;40728;1976;New York Times (March 14, 1976);60233
618;Against Our Will;40729;1975;NULL;NULL
619;Rape: Prevention and Resistance;40730;1976;NULL;NULL
620;The Rape Bibliography: A Collection of Abstracts;40731;1976;NULL;NULL
621;The American Jury;40732;1966;NULL;NULL
622;Psychiatry and the Criminal;40733;1969;NULL;NULL
623;Wife Beating: The Silent Crisis;40737;1977;NULL;NULL
624;Black Women in White America;40738;1977;NULL;NULL
625;Handbook on Criminal Law;40739;1972;NULL;NULL
626;Criminal Law;40740;1969;NULL;NULL
627;Rape: Legal and Practical Aspects of Armed Self Defense;40741;1977;NULL;NULL
628;Sex Discrimination and the Law: Causes and Remedies;40742;1975;NULL;NULL
629;Ambivalence: The Socialization of Women;40743;1972;Readings on the Psychology of Women (Bardwick, J.);60234
630;Anxiety Correlates of Sex-Role Identity in College Students;40744;1972;Readings on the Psychology of Women (Bardwick, J.);60234
631;Women and Madness;40745;1972;NULL;NULL
632;The Book of Hope: How Women Can Overcome Depression;40746;1976;NULL;NULL
633;Self-Defense Standard at Stake in Michigan Trial;40747;1977;In These Times (August 10-16, 1977);60235
634;Wife Cleared in Mate's Death;40748;1977;The Record (Nov 4, 1977);60236
635;Black Rage: Political Psychiatric Defenses;40749;1977;Frontier Issues in Criminal Litigation (Aug 1977);60237
636;The Battered Woman Syndrome Revisited: Psycho-Social Theories;40750;1977;NULL;NULL
637;By Our Own Hands;40751;1977;NULL;NULL
638;Gyn/Ecology, the Meta-Ethics of Radical Feminism;40752;1978;NULL;NULL
639;Matriarchy: The End of Woman-Hating;40753;NULL;The Matriarchist, Vol. 1, Issue 4;60238
640;Lost Goddesses of Early Greece;40754;1978;NULL;NULL
641;Mothers and Daughters;40755;1976;NULL;NULL
642;The Feminist Books of Lights and Shadows;40756;1976;NULL;NULL
643;De Colores;40773;NULL;NULL;NULL
644;Labyrinth of Solitude;40774;1958;NULL;NULL
645;Chicanas en la literatura y en el arte;40775;1973;NULL;NULL
646;De Colores;40776;NULL;NULL;NULL
647;Art and Society;40777;1973;NULL;NULL
648;La mujer es la tierra;40778;1975;NULL;NULL
649;The Winged Serpent;40779;1946;NULL;NULL
650;The Congress of Women, World's Columbian Expostion;40780;1894;NULL;NULL
651;Lifting As They Climb;40781;1933;NULL;NULL
652;Money, Income and Poverty Status of Families and Persons in the United States, and the South Region, by Divisions and States;40782;1978;NULL;NULL
653;Employment and Training Report of the President;40783;1978;NULL;NULL
654;Black Women in the Labor Force;40784;NULL;NULL;NULL
655;Upward Mobility for Private Househould Workers;40785;1974;NULL;NULL
656;Characteristics of Doctoral Scientists and Engineers in the United States;40786;1975;NULL;NULL
657;The Music of Black Americans: A History;40787;1971;NULL;NULL
658;Negro Musicians and Their Music;40788;1936;NULL;NULL
659;American Negro Songs;40789;1940;NULL;NULL
660;History of the Black Man in History and Song;40790;1975;NULL;NULL
661;Echoes of Africa in Folk Songs of th Americas;40791;1961;NULL;NULL
662;Blues People;40792;1970;NULL;NULL
663;Book of American Negro Spirituals;40793;1969;NULL;NULL
664;Slave Songs of the United States;40794;1951;NULL;NULL
665;Sourcebook of Criminal Justice Statistics;40795;1973;NULL;NULL
666;Why Punish the Children;40796;1978;NULL;NULL
667;The Blending American Patterns of Intermarriage;40797;1972;NULL;NULL
668;Executive Order 9066;40798;1972;NULL;NULL
669;East Across the Pacific;40799;1972;NULL;NULL
670;Nisei, The Quiet Americans;40800;1969;NULL;NULL
671;Farewell to Manzanar;40801;1973;NULL;NULL
672;Japanese in the United States: A Critical Study of the Japanese Immigrants and Their Children;40802;1932;NULL;NULL
673;Issei and Nissei: The Internment Years;40803;1967;NULL;NULL
674;Japanese Americans: The Evolution of a Subculture;40804;1969;NULL;NULL
675;American in Disguise;40805;1971;NULL;NULL
676;Citizen 13660;40806;1946;NULL;NULL
677;Interracial Marriage: Expectations and Realities;40807;1973;NULL;NULL
678;Years of Infamy: The Untold Story of America's Concentration Camps;40808;1976;NULL;NULL
679;Iva Toguri (d'Aquino): Victim of a Legend;40809;1975;NULL;NULL
680;The New York Nichibei;40810;1976;NULL;NULL
681;Pacific Citizens;40811;NULL;NULL;NULL
682;Psychological Modeling: Conflicting Theories;40812;1971;NULL;NULL
683;On Heroes, Hero-Worship and the Heroic in History;40813;1903;NULL;NULL
684;Capitalist Patriarchy and the Case for Socialist Feminism;40814;1979;NULL;NULL
685;Representative Men: Seven Lectures;40815;1860;NULL;NULL
686;Great Men and Their Environment;40816;1908;The Will to Believe and Other Essays in Popular Philosophy;60248
687;Girl Sports;40817;1978;NULL;NULL
688;Collective Search for Identity;40818;1969;NULL;NULL
689;Political Parties: A Sociological Study of Oligarchical Tendencies of Modern Democracy;40819;1962;NULL;NULL
690;The Role of the Indiviual in History;40820;1940;NULL;NULL
691;The Seventh Hero: Thomas Carlyle and the Theory of Radical Action;40821;1974;NULL;NULL
692;Working It Out: 23 Women Writers, Artists, Scientists and Scholars Talk About Their Lives and Work;40822;1977;NULL;NULL
693;Black Macho and the Myth of the Super Woman;40823;1979;NULL;NULL
694;The Curious Courtship of Women's Liberation and Socialism;40824;1978;NULL;NULL
695;Aba Riots or the Igbo 'Women's War': Ideology, Stratification and the Invisiblity of Women;40825;1976;"Women in Africa (Hafkin, Nancy J.; Bay Edna G.";60249
696;Female Militancy and Colonial Revolt: The Women's War of 1929, Southeastern Nigeria;40826;1975;Perceiving Women;60140
697;Anlu: A Woman's Uprising in the British Cameroons;40827;1960;African Studies, Vol. 19;60251
698;Pare Women: A Case of Political Involvement;40828;1976;Rural Africa, No. 29;60250
699;MBIRU: Popular Protest in Colonial Tanzania;40829;1971;NULL;NULL
700;Fighting Two Colonialisms: Women in Guinea-Bissau;40830;1979;NULL;NULL
701;Man-Culture and Women-Nature?;40831;1978;Women's Studies International Quarterly;60252
702;The African Genius: AN Introduction to African Social and Cultural History;40832;1969;NULL;NULL
703;Connexions Between 'Primary Resistance' Movements and Modern Mass Nationalism in East and Central Africa, Part I;40833;1968;Journal of African History, vol. 9, no. 3;60253
704;Connexions Between 'Primary Resistance' Movements and Modern Mass Nationalism in East and Central Africa, Part II;40834;1968;Journal of African History, vol. 9, no. 4;60254
705;Evolution of a Feminist Art;40835;1978;Heresies #6 – On Women and Violence;60255
706;Chris Wedding Tower;40836;1974;NULL;NULL
707;Body Mask;40837;1976;NULL;NULL
708;Personal Violence/PoliticalTrust?;40838;1978;NULL;NULL
709;Ordinary. Extraordinary.;40839;1978;NULL;NULL
710;Golden Robe;40840;1979;NULL;NULL
711;Apollo and Daphne;40841;1978;NULL;NULL
712;Bed;40842;1973;NULL;NULL
713;Metro Canyon;40843;1979;NULL;NULL
714;Her Eyes Are Like the Water;40844;1979;NULL;NULL
715;Stones from Southold;40845;1969;NULL;NULL
716;You'll See;40846;1979;NULL;NULL
717;Fluted Clam;40847;1978;NULL;NULL
718;Reflections of a Mexican Heritage;40848;NULL;NULL;NULL
719;Small White Object;40849;NULL;NULL;NULL
720;The Personal and the Public in Women's Art;40850;1977;NULL;NULL
721;Women's Art in the 70's;40851;1976;Art in America, May-June 1976;60256
722;Betraying Feminist Intention: The Case Against Feminist Decorative Art;40852;1979;Arts Magazine, November 1979;60257
723;Under the Bride;40853;1978;NULL;NULL
724;Floor;40854;1980;NULL;NULL
725;Untitled;40855;NULL;NULL;NULL
726;Walking on Eggs is Bad for the Heart;40856;1978;NULL;NULL
727;Swan Scenes;40857;1977;NULL;NULL
728;Untitled;40858;1979;NULL;NULL
729;The Spirituality Ripoff;40859;NULL;The Second Wave, Vol. 4, No. 3;60258
730;Feminism, Anarchism & Economics;40860;NULL;The Second Wave, Vol. 4, No. 4;60259
731;Towards a New Definition of Power;40861;NULL;Women: A Journal of Liberation, Vol. 6, No. 1;60260
732;Write On, Woman!;40862;1978;NULL;NULL
733;Guide to Women's Publishing;40863;1978;NULL;NULL
734;The New Woman's Survival Catalog;40864;1973;NULL;NULL
735;The New Woman's Survival Sourcebook;40865;1975;NULL;NULL
736;Integrating Process and Product;40866;1978;Critique & Commentary: The Process/Product Debate;60261
737;The Politics of Women's Spirituality;40867;1979;Chrysalis, No. 6;60262
738;In Defense of Fallen Comrades: La Mutualite;40868;1979;Heresies #6 – On Women and Violence;60255
739;Sisterhood Is Powerful;40869;1970;NULL;NULL
740;Voices from Women's Liberation;40870;1970;NULL;NULL
741;Women's Liberation: Blueprint for the Future;40871;1970;NULL;NULL
742;Letters Home to Mama;40872;1978;Big Mama Rag, Vol. 6, No. 7;60263
743;It Is the Lesbian in Us;40873;1977;Sinister Wisdom, No. 3;60264
744;The Transformation of Silence into Language and Action;40874;1978;Sinister Wisdom, No. 6;60265
745;The Films of Yvonne Rainer;40875;1977;Feminist Art Journal, Vol. 4, No. 2;60267
746;Editorial: Rainer and Rothschild, An Overview;40876;1975;Chrysalis, No. 2;60266
747;Yvonne Rainer on Feminism and Her Film;40877;1975;Feminist Art Journal, Vol. 4, No. 2;60267
748;The Laugh of the Medusa;40878;1976;Feminist Art Journal, Vol. 4, No. 2;60267
749;Recent Developments in Feminist Criticism;40879;1979;Review of Film Studies, Vol. 3, No. 4;60268
750;Christa Wolf and Feminism. Breaking the Patriarchal Connection;40880;1979;New German Critique, No. 17;60269
751;Mrs. Stevens Hears the Mermaids Singing;40881;1974;NULL;NULL
752;Paul Mazursky Interviewed by Terris Curtis Fox;40882;1978;Film Comment, Vol. 14, No. 2;60270
753;Placing Women in History: A 1975 Perspective;40883;1976;Liberating Women's History;60271
754;Women in Music History: A Research Guide;40884;1977;NULL;NULL
755;Why Are There No Great Women Artists?;40885;1872;Woman in Sexist Society;60272
756;Feminism and the Methodology of Women's History;40886;1876;Liberating Women's History;60271
757;Women Composers: Reminiscence and History;40887;1975;College Music Symposium, XV;60273
758;The Dinner Party;40888;1979;NULL;NULL
759;The Women Troubadours;40889;1976;NULL;NULL
760;The Problem of Women's History;40890;1976;Liberating Women's History;60271
761;Silences;40891;1978;NULL;NULL
762;The Convent As Catalyst For Autonomy: Two Hispanic Nuns of the Seventeenth Century;40892;NULL;Icons and Iconoclasts: Women in Hispanic Literature;60274
763;Music and Women;40893;1948;NULL;NULL
764;The Literurgical Singing of Women in Christian Antiquity;40894;NULL;The Catholic Historical Review, Vol. 27, No. 2;60275
765;She Drew An Angel Down': The Role of Women in the History of the Organ;40895;1979;The American Organist, Vol. 13, No. 3;60276
766;What Became of God the Mother? Conflicting Images of God in Early Christianity;40896;1976;Signs, Vol. 2, No. 2;60277
767;The Gnostic Gospels;40897;1979;NULL;NULL
768;Patrologia Latinae;40898;1882;NULL;NULL
769;Analecta sanctae Hildegardis opera spicilegio solesmensi parata;40899;1882;NULL;NULL
770;Hildegardis Causae et Curae;40900;1903;NULL;NULL
771;Hildegard von Bingen Lieder;40901;1969;NULL;NULL
772;The Visions of Hildegard von Bingen;40902;1911;From Magic to Science;60278
773;Die Kompositionen der heil. Hildegard;40903;1928;NULL;NULL
774;Wisse Die Wege;40904;1954;NULL;NULL
775;Die Sequenzen der heiligen Hildegard;40905;1956;Studien zur Musikgeschichte des Rheinlandes;60279
776;Zur Musik der Heiligen Hildegard;40906;1967;Colloquium Amicorum Joseph Schmidt-Görg;60280
777;Through Music to the Self;40942;1978;NULL;
778;The Potent Weapon of Music Therapy;40943;1976;High Fidelity/Musical America;60289
779;On Sonic Meditations;40944;NULL;NULL;NULL
780;Software for People;40945;NULL;NULL;NULL
781;Healing and Regeneration Through Music;40946;1976;NULL;NULL
782;Toning: The Creative Power of the Voice;40947;1973;NULL;NULL
783;On Music and Musicians (translated by P. Rosenfeld);40948;1964;NULL;NULL
784;Women as Musicians;40949;1893;Sewanee Review, Vol. 2;60290
785;Beach's Gaelic Symphony;40950;1896;Boston Tribune;60291
786;Women as Symphony Makers;40951;1896;Boston Tribune;60291
787;Desire: A Ballet by Grazyna Bacewicz;40952;1973;Polnische Musik, No. 2 (29);60292
788;Grazyna Bacewicz;40953;1963;Polskie Wydawnictwo Muzyczne;60293
789;Grazyna Bacewicz 1913-1969;40954;1975;Polnische Musik, No. 2 (37);60294
790;Grazyna Bacewicz;40955;1969;Polnische Musik, No. 1 (12);60295
791;I Know That the Road Does Not End;40956;1979;Zycis Warszawy, Jan. 17, 1979;60296
792;On the Tenth Anniversary of Grazyna Bacewicz's Death: A Great Human Being, A Magnificent Artist;40957;1979;Kurier Polski, Jan. 16, 1979;60297
793;Biographical Note: Life and Creative Work of Grazyna Bacewicz;40958;NULL;NULL;NULL
794;Ruth Crawford Seeger: Her Life and Works;40959;1973;NULL;NULL
795;Henry Cowell's New Music: The Society, the Quarterly and the Recordings;40960;1978;NULL;NULL
796;Flawed Words and Stubborn Sounds: A Conversation with Elliott Carter;40961;1971;NULL;NULL
797;Ruth Crawford;40962;1962;American Composers on American Music;60298
798;Obituary – Ruth Crawford Seeger;40963;1955;International Folk Music Journal No. 7;60299
799;New York Herald Tribune;40964;NULL;NULL;NULL
800;The American Songbag;40984;1927;NULL;NULL
801;Our Singing Country;40985;1941;NULL;NULL
802;Four Symposia on Folklore;40986;1953;NULL;NULL
803;Adventures of a Ballad hunter;40987;1947;NULL;NULL
804;Coal Dust on the Fiddle: Songs and Stories of the Bituminous Industry;40988;1943;NULL;NULL
805;Folk Song U.S.A.;40989;1947;NULL;NULL
806;Treasury of Western Folklore;40990;1951;NULL;NULL
807;Children's Folklore of Santo Domingo;40991;1955;NULL;NULL
808;American Folk Songs for Children in Home, School, and Nursery School;40992;1948;NULL;NULL
809;Animal Folk Songs for Children;40993;1950;NULL;NULL
810;American Folk Songs for Christmas;40994;1953;NULL;NULL
811;The Study of American Folklore: An Introduction;40995;1978;NULL;NULL
812;The Liberated Woman's Songbook;40996;1971;NULL;NULL
813;Folk Songs of North America;40997;1975;NULL;NULL
814;The English and Scottish Popular Ballads;40998;1960;NULL;NULL
815;All Our Lives: A Woman's Songbook;40999;1965;NULL;NULL
816;The Joan Baez Songbook;41000;1976;NULL;NULL
817;The Singing Tradition of Child's Popular Ballads;41001;1976;NULL;NULL
818;Rags and Ragtime;41002;1978;NULL;NULL
819;The Ragtime Women;41003;NULL;NULL;NULL
820;Mississippi Valley Rags Collection;41004;1975;NULL;NULL
821;They All Played Ragtime;41005;1971;NULL;NULL
822;Male and Female: A Study of the Sexes in a Changing World;41006;1975;NULL;NULL
823;Sexual Politics;41007;1971;NULL;NULL
824;The Influence of the Pueblo Worldview on the Construction of Its Vocal Music;41008;NULL;Journal of the Society of Ethnomusicology, Vol. 14;60303
825;Indian Music in the Southwest;41009;1971;Readings in Ethnomusicology;60304
826;Maori Music with Its Polynesian Background;41010;1978;NULL;NULL
827;Ethnomusicology and Folk Music: An International Bibliography of Dissertations and Theses;41011;1966;NULL;NULL
828;Review Essay: Anthropology;41012;1977;Signs, Vol. 2, No. 3;60305
829;Theoretical Overview;41013;1974;Woman, Culture, and Society;60288
830;The Dangerous Sex: The Myth of the Feminine Evil;41014;1964;NULL;NULL
831;Being and Doing: A Cross-cultural Examination of the Socialization of Males and Females;41015;1972;Woman in Sexist Society;60272
832;The Myth of Matriarchy;41016;1974;Woman, Culture, and Society;60288
833;Woman's Estate;41017;1973;NULL;NULL
834;Cantometrics: An Approach to the Anthropology of Music;41018;1976;NULL;NULL
835;The Music of Israel;41019;1949;NULL;NULL
836;Folk Song Style and Culture;41020;1968;NULL;NULL
837;Music in Australian Aboriginal Culture – Some Sociological and Psychological Implications;41021;1971;Readings in Ethnomusicology;60304
838;Work and Sex in a Guatemalan Village;41022;1974;Woman, Culture, and Society;60288
839;Frances Densmore and American Indian Music;41023;1968;NULL;NULL
840;Bakers Biographical Dictionary of Musicians;41024;1978;NULL;NULL
841;The Feminization of American Culture;41025;1977;NULL;NULL
842;Early Opera in America;41026;1915;NULL;NULL
843;American Opera and Its Composers;41027;1934;NULL;NULL
844;Our American Music;41028;1931;NULL;NULL
845;Women Composers;41029;1913;NULL;NULL
846;Notable American Women, 1607-1950;41030;1971;NULL;NULL
847;American Indians and Their Music;41031;1926;NULL;NULL
848;Composers of Today;41032;1936;NULL;NULL
849;The International Cyclopedia of Music and Musicians;41033;1964;NULL;NULL
850;An Ojibwa Prayer Ceremony;41034;1907;American Anthropologist, No. 9;60306
851;The Use of Meaningless Syllables in Indian Songs;41035;1943;American Anthropologist, No. 45;60307
852;The Imprtance of Recording of Indian Songs;41036;1945;American Anthropologist, No. 47;60308
853;Mescalero Dance – A Four-Part-Fugue;41037;1976;NULL;NULL
854;Kinaalda;41038;1967;NULL;NULL
855;Music and Dance Research of Southwestern United States Indians;41039;1977;NULL;NULL
856;Music and Dance in Northwest Coast Indian Life;41040;1977;NULL;NULL
857;This Is My Song: The Role of Song as Symbol in Makah Life;41041;1978;NULL;NULL
858;On the Interpretation of 'Meaningless-Nonsensical Syllables' in the Music of the Pacific Northwest Indians;41042;1876;Ethnomusicologist, Vol. 20, No. 2;60309
859;Review of One Folkways Record: Healing Songs of the American Indian;41043;NULL;Ethnomusicology, Vol. 10, No. 3;60310
860;A Comparison of Plains and Pueblo Songs;41044;NULL;Ethnomusicologist, Vol. 13, No. 3;60311
861;Semantic Parameter in Music: The Blanket Rite of the Lower Kutenai;41045;1971;Yearbook for Inter-American Musical Research, 7;60312
862;Melodc Composition and Scale Foundations in Primitive Music;41046;1932;American Anthropologist, Vol. 34;60313
863;Culture of Cities;41058;1938;NULL;NULL
864;Correspondence 1846-1895 (ed. and trans. by Dona Torr);41059;1934;NULL;NULL
865;Neoclassicisme or Constructivisme;41060;1934;Architecture in URSS;60317
866;André Lurcat in URSS;41061;1976;Socialismo, Citta, Archittetura URSS 1917-1937;60318
867;Texas Communism or Socialsm – Early Style;41068;1963;Library Chronicle of University of Texas, Vol. VII, No. 3;60319
868;A Woman's Community in Texas;41069;1893;The Charities Review, Vol. III, No. 1;60320
869;The Woman's Commonwealth in Washington;41070;1902;Ainslee's Magazine, Vol. X, No. 8;60321
870;Seven American Utopias: The Architecture of Communitarian Socialsm;41071;1976;NULL;NULL
871;American Communities and Cooperative Colonies;41072;1908;NULL;NULL
872;The Sanctificationists of Belton;41073;1965;The American West, Vol. II, No. 3;60322
873;The Woman's Commonwealth;41074;1901;U.S. Labor Bulletin, No. 35;60323
874;Texas Women's Commonwealth;41075;1950;The Houston Chronicle Magazine;60324
875;Bell County History;41076;1958;NULL;NULL
876;The History of Bell County;41077;NULL;NULL;NULL
877;Art Hysterical Notions of Progress and Culture;41078;1978;Heresies #4 – Women's Traditional Arts – The Politics of Aesthetics;60325
878;Women's Traditional Architecture;41079;1977;Heresies #2 – Patterns of Communication and Space Among Women;60120
879;Artists in Aprons: Folk Art by American Women;41080;1979;NULL;NULL
880;The Quilters: Women and Domestic Art;41081;1977;NULL;NULL
881;The Fiber of Our Lives;41082;1976;Journal of Popular Culture, Vol. 10, No. 3;60326
882;Aran Kitchens, Aran Sweaters;41083;1978;Heresies #4 – Women's Traditional Arts – The Politics of Aesthetics;60325
883;Making Something from Nothing;41084;1978;Heresies #4 – Women's Traditional Arts – The Politics of Aesthetics;60325
884;The Proxemics of Daily Danish Life;41085;1976;Studies in the Anthopology of Visual Communication, Vol. 3, No. 1;60327
885;The Hidden Dimension;41086;1966;NULL;NULL
886;Popular Arts and Historic Artifacts: New Principles for Studying History in Art;41087;1973;Journal of Popular Culture, Vol. 7, No. 2;60328
887;Popular Arts of Spanish New Mexico;41088;1974;NULL;NULL
888;The Orchid Boat: Women Poets of China (Ed. and trans. by Kenneth Rexroth and Ling Chung);41089;1972;NULL;NULL
889;Sunflower Splendor: Three Thousand Years of Chinese Poetry (trans. by E. Eoyang, Wu-chi Liu and Irving Tucheng Lo);41090;1975;NULL;NULL
890;The Analects of Confucius;41091;1949;NULL;NULL
891;Early Chinese Literature;41092;1962;NULL;NULL
892;Book X;41093;1885;The Sacred Books of China: The Texts of Confucianism;60329
893;Pan Chao: Foremost Woman Scholar of China;41094;1932;NULL;NULL
894;Chinese Footbinding: The History of a Curious Erotic Custom;41095;1966;NULL;NULL
895;Housing as a Medium for Cultural and Political Change: Architecture and Capitalist Development in a Colombian Agribusiness Zone;41096;1979;NULL;NULL
896;The Spread of Capitalism in Rural Colombia: Effects on Poor Women;41097;1975;Toward an Anthropology of Women (Reiter, Rayna);60027
897;Up off Their Knees: Servanthood in Western Colombia;41098;1978;Michigan Discussions in Anthropology (Spring 1978);60330
898;The Domestication of Women: Discrimination in Developing Societies;41099;1980;NULL;NULL
899;Used Boy Raisers;41100;1973;The Little Disturbances of Man;60331
900;Housewife;41101;1973;"No More Masks! – An Anthology of Poems by Women (Howe, Florence; Bass, Ellen)";60332
901;The Detached House in the Age of the Object and Beyond;41102;1976;"Housing Perspectives (Wedin, Carol; Nygren, L. Gertrude)";60333
902;Sweet and Clean: The Domestic Landscape in the Progressive Era;41103;1975;Landscape, Vol. XX;60334
903;Household Space and Family Organization;41104;1971;Pacifical Sociological Review, Vol. 14, No. 1;60335
904;The Parlorization of Our Homes and Ourselves;41105;1979;Chrysalis, No. 9;60336
905;For Her Own Good: 150 Years of the Experts' Advice to Women;41106;1979;NULL;NULL
906;Domesticating the Nineteenth Century American City;41107;1977;Prospects, Vol. III;60337
907;Architecture and Urban Planning;41108;1976;SIGNS, Vol. 1. No. 4 (Summer 1976);60066
908;The Homemaker;41109;1924;NULL;NULL
909;The MadWoman in the Attic: The Woman Writer and the Nineteenth Century Literary Imagination;41110;1979;NULL;NULL
910;A Literature of Their Own: British Novelist from Brontë to Lessing;41111;1977;NULL;NULL
911;Transformations in Feminist Poetry;41112;1979;Frontiers, Vol. 4, No. 1;60338
912;Centers and Fragments: Women's Spaces;41113;1977;Women in American Architecture;60339
913;The Pyramid and the Labyrinth;41114;1977;Women in American Architecture;60339
914;My Mother and I;41115;1917;NULL;NULL
915;Technology and Women's Work: The Lives of Working Class Women in Pittsburgh, 1870-1900;41116;1976;Labor History, Vol. 17, No. 1;60340
916;A Case Study of Technological Change: The Washing Machine and the Working Wife;41117;1974;"Clio's Consciousness Raised: New Perspectives on the History of Women (Hartman, Mary S.; Banner, Lois)";60341
917;Exploration;41118;1978;The Ethnic American Woman: Problems, Protests, Lifestyle (Blicksilver, Edith);60342
918;Celia;41119;1978;Conditions, Vol. 1, No. 3;60343
919;Brown Girl, Brownstones;41120;1970;NULL;NULL
920;Children of Loneliness;41121;1979;The Open Cage;60348
921;Warrior Women: Immigrant Mothers in the Works of Their Daughters;41127;1979;Women's Studies No. 6;60345
922;Herman and Alice;41128;1975;El Bronx Remembered;60346
923;Arrogant Beggar;41129;1927;NULL;NULL
924;The Free Vacation House;41130;1920;Hungry Hearts;60347
925;The Fat of the Land;41131;1979;The Open Cage;60348
926;The Street;41132;1976;NULL;NULL
927;Old Mary;41133;1977;In Nueva York;60349
928;Kitchens 1970;41134;1977;Heresies #2 – Patterns of Communication and Space Among Women;60120
929;The Woman Warrior: Memories of a Girlhood Among Ghosts;41135;1976;NULL;NULL
930;The Long Distance Runner;41136;1974;Enormous Changes at the Last Moment;60350
931;The Lost Beautifulness;41137;1979;The Open Cage;60348
932;Introductory Letter;41138;1975;Life As We Have Known It (Davies, Margeret Llewlyn);60351
933;In Search of Our Mothers' Gardens;41139;NULL;Southern Exposure, Vol. IV, No. 4;60352
934;Good Housekeeping: A (Very) Short Story;41140;1978;Motherlove: Stories by Women about Motherhood (Spinner, Stephanie);60353
935;Labor and Monolopy Capital: The Degradation of Work in the Twentieth Century;41141;1974;NULL;NULL
936;In the Name of Efficiency;41142;1979;NULL;NULL
937;Capitalism and Women's Work in the Home, 1900-1930;41143;1974;NULL;NULL
938;Architectural Forum, April 1935;41144;1935;NULL;NULL
939;Historical Statistics of the United States, Colonial Times to 1970;41145;1975;NULL;NULL
940;The Evolving House;41146;NULL;NULL;NULL
941;The Architecture of Communitarian Socialism, 1970-1975;41147;1976;NULL;NULL
942;Challenging the American Domestic Idea;41148;1977;Women in American Architecture;60339
943;Census of Housing, 1970;41149;1970;NULL;NULL
944;De L'Eclectisme au Doute;41150;1929;NULL;NULL
945;Ludwig Mies van der Rohe;41151;1977;NULL;NULL
946;Fifty Years of the Bauhaus;41152;1968;NULL;NULL
947;The Bauhaus;41153;1969;NULL;NULL
948;Cahiers D'Art;41154;1928;NULL;NULL
949;The Berlin Building Exposition of 1931;41155;1932;T-Square;60354
950;The International Style;41156;1966;NULL;NULL
951;The Changing Roles of Urban Parks;41157;1978;Landscape, Vol. 22, No. 3;60355
952;Women in Urban Parks;41158;1980;Signs (April 1980);60356
953;Design on the Land;41159;1971;NULL;NULL
954;Forty Years of Landscape Architecture;41160;1973;NULL;NULL
955;The Play Movement in the United States;41161;1922;NULL;NULL
956;The R.M. Huntpapers (Ed. Burnham, Alan);41162;NULL;NULL;NULL
957;Dumbarton Oaks: A Guide to the Gardens;41163;1968;NULL;NULL
958;Beatrix Farrand: An Attempted Evocation of a Personality;41164;1959;Landscape Architecture, Vol. 49, No. 4;60357
959;Italian Villas and Their Gardens;41165;1904;NULL;NULL
960;The Garden as Picture;41166;1907;Scribner's Magazine, Vol. 42;60358
961;From Parlor to Prison: Five American Suffragists Talk about Their Lives;41167;1976;NULL;NULL
962;Century of Struggle: The Women's Rights Movement in the United States;41168;1959;NULL;NULL
963;The History of Women's Club Movement in America;41169;1898;NULL;NULL
964;Julia Morgan and Her Clients;41170;1981;Heresies #11 Making Room – Women and Architecture;60359
965;The Majority Finds Its Past: Placing Women in History;41171;1979;NULL;NULL
966;"Sweetness and Light: The ""Queen Anne"" Movement 1860-1900";41172;1977;NULL;NULL
967;Femininity: The Sickness unto Death;41173;1980;NULL;NULL
968;Emanzipation macht Angst;41174;1979;NULL;NULL
969;The Significance of Penis Envy in Women;41175;1977;Female Sexuality (Chasseguet-Smirgel, Janine);60360
970;Claiming an Identity They Taught Me To Despise;41176;1980;NULL;NULL
971;The Ladder, No. 1;41177;1957;NULL;NULL
972;Sexual Preference or Personal Styles? Why Lesbians Are Disliked;41178;1980;Journal of Homosexuality;60361
973;Editorial;41179;1979;New Art Examiner (Summer 1979);60362
974;The Esthetics of Power in Modern Erotic Art;41180;1977;Heresies #1 - Feminism, Art and Politics;60062
975;The Erotic As Power;41181;1979;Chrysalis (1979);60363
976;The New Sexual Frankness: Goodbye to Hearts and Flowers;41182;1974;New York (1974);60364
977;What Does Being a Lesbian Artist Mean to You?;41183;1977;Heresies #3 – Lesbian Art and Artists;60119
978;The Politics of Porn;41184;1979;Mother Jones, Vol. 5, No. 3;60365
979;The Sadeian Woman and the Ideology of Pornography;41185;1978;NULL;NULL
980;Village Voice (Oct. 15, 1979);41186;1979;NULL;NULL
981;African Sexual Attitudes;41187;1981;Essence (March 1981);60366
982;Homophobia – and the Fear of Homosexuals in the Black Community;41188;1978;NULL;NULL
983;Man and Woman, Boy and Girl;41189;1972;NULL;NULL
984;Gender;41190;1978;NULL;NULL
985;Females, Males, Families;41191;1978;NULL;NULL
986;The Tuken of Western Kenya Highlands;41192;1972;Cultural Source Material for Population Planning in Eastern Africa;60367
987;A Research Note from Social History and Anthropology;41193;NULL;Comparative Studies in Society and History;60368
988;Mother Camp;41194;1971;NULL;NULL
989;Metamorphosis;41195;1959;NULL;NULL
990;Culture Against Man;41196;1963;NULL;NULL
991;The Reproduction of Mothering: Psychoanalysis and the Sociology of Gender;41197;1978;NULL;NULL
992;Finding a Voice;41198;1978;NULL;NULL
993;Scratching the Surface: Some Notes on Barriers to Women and Loving;41199;1978;Black Scholar, Vol. 9, No. 1;60369
994;Dahomey, Vol. 1;41200;1967;NULL;NULL
995;Dahomean Marriage: A Revaluation;41201;1949;Africa, Vol. 19, No. 4;60370
996;Woman-Marriage, with Special Reference to the Lovendu – Its Significance for the Definition of Marriage;41202;1974;Africa, Vol. 44, No. 1;60371
997;Dominant Male Ideology and Female Options: Three East African Case Studies;41203;1976;Africa, Vol. 46, No. 4;60372
998;Africanity: Its Role in Black Families;41204;1978;The Black Family, 2nd Edition (Staples, Robert);60373
999;Woman's Consciousness, Man's World;41205;1973;NULL;NULL
1000;Toward a Black Feminist Criticism;41206;1977;Conditions: Two, Vol. 1, No. 2;60374
1001;Nine Hundred Black Lesbians Speak;41207;1979;Off Our Backs, Vol 9. , No. 6;60375
1002;On the Issue of Roles;41208;1970;The Black Woman;60376
1003;I Am Not Meant To Be Alone And Without You Who Understand: Letters from Black Feminists, 1972-1978;41209;1979;Conditions: Four, Vol. 2, No. 1;60377
1004;Homosexualities;41210;1978;NULL;NULL
1005;The Bluest Eye;41211;1970;NULL;NULL
1006;Sula;40068;1973;NULL;NULL
1007;Mules and Men;41212;1935;NULL;NULL
1008;Their Eyes Were Watching God;41213;1937;NULL;NULL
1009;The Third Life of Grange Copeland;41214;1970;NULL;NULL
1010;If They Come in the Morning;41215;1971;NULL;NULL
1011;The Black Women's Role in the Community of Slaves;41216;1971;Black Scholar (Dec. 1971);60378
1012;"What Chou Mean We, White Girl? OR; The Cullud Lesbian Feminist Declaration of Independence (Dedicated to the Proposition That All Women Are Not Equal, I.E., IDENTICAL/LY OPRESSED)";41217;1979;Conditions: Five, Vol. 2, No. 2;60379
1013;Video Art, the Imaginary and the Parole Vide;41218;1978;New Artists' Video (Battock, Gregory);60380
1014;Video: Technology and Practice;41219;1979;Screen, Vol. 20, No. 1;60381
1015;Video: The Aesthetics of Narcissism;41220;1978;New Artists' Video (Battock, Gregory);60380
1016;The Private and the Public: Feminist Art in California;41221;1977;Artforum (Sept. 1977);60382
1017;The Culture of Narcissism;41222;1978;NULL;NULL
1018;The Fall of Public Man;41223;1977;NULL;NULL
1019;The Awareness Trap;41224;1976;NULL;NULL
1020;Decadence: Radical Nostalgia, Narcissism and Decline in the Seventies;41225;1975;NULL;NULL
1021;The Me Decade and the Third Great Awakening;41226;1976;New York (Aug. 23, 1976);60383
1022;Femininity as Tragedy: Re-examining the New Narcissism;41227;1980;Socialist Review (Sept./Oct. 1980);60384
1023;Telos, No. 44;41228;1980;NULL;NULL
1024;Borderline Conditions and Pathological Narcissism;41229;1975;NULL;NULL
1025;The Analysis of the Self;41230;1971;NULL;NULL
1026;Pop Narcissism;41231;1979;Psychology Today (Oct. 1979);60385
1027;Sociology and Psychology;41232;1976;New Left Review (Vol. 46);60386
1028;Feminine Narcissism;41233;1979;NULL;NULL
1029;Narcissism and the Family;41234;1980;Telos, No. 44;60387
1030;Captains of Consciousness;41235;1976;NULL;NULL
1031;The Regime of the Video State;41236;1980;Journal (LAICA) (Feb./March 1980);60388
1032;Vital Statistics of a Citizen, Simply Obtained;41237;1977;NULL;NULL
1033;Visual Pleasure and Narrative Cinema;40286;1975;Screen, Vol. 16, No. 3;60389
1034;Soil and Civilization;41238;1976;NULL;NULL
1035;Beyond Either/Or Feminist Options;41239;1976;Quest, 3;60390
1036;Some Implications of the Ecological Revolution for the Construction of Value;41240;1970;Human Values and Natural Science;60391
1037;Ecology and Politics (trans. by P. Vigderman, J. Cloud);41241;1980;NULL;NULL
1038;Why the Green Nigger? Re-mything Genesis;41242;1979;NULL;NULL
1039;Woman and Nature: The Roaring Inside Her;41243;1978;NULL;NULL
1040;Unnatural Divorce of Spirituality and Politics;41244;1978;Quest, 4;60392
1041;The Domination of Nature;41245;1972;NULL;NULL
1042;A Biosocial Perspective on Parenting;41246;1977;Daedelus, 106;60393
1043;Motherearth and the Megamachine;41247;1979;Womanspirit Rising: A Feminist Reader in Religion;60394
1044;The Spiral Dance: A Rebirth of the Ancient Religion of the Great Goddess;41248;1979;NULL;NULL
1045;The Village Voice (June 23, 1980);41249;1980;NULL;NULL
1046;The Unhappy Marriage of Marxism and Feminism: Towards a More Progressive Union;41250;1979;Capital and Class, No. 8;60395
1047;Does Socialism Liberate Women?;41251;1976;NULL;NULL
1048;Is Woman to Nature as Man Is to Culture?;41252;1974;Woman, Culture, and Society;60288
1049;The Death of Nature: Women, Ecology and the Scientific Revolution;41253;1980;NULL;NULL
1050;The Mermaid and the Minotaur;41254;1977;NULL;NULL
1051;The Complete Poems of Muriel Rukeyser;41255;1978;NULL;NULL
1052;Gypsies of Britain;41256;1973;NULL;NULL
1053;Romany Remedies and Recipes;41257;1935;NULL;NULL
1054;Ecotage;41258;1970;NULL;NULL
1055;WIN, Vol 16, No. 16;41259;1980;NULL;NULL
1056;Washington Square News (March 19, 1979);41260;1979;NULL;NULL
1057;Focus;41261;NULL;NULL;NULL
1058;Physical Anthropology and Archeology;41262;1975;NULL;NULL
1059;An Introduction to Anthropology;41263;1977;NULL;NULL
1060;A Theory of the Origin of the State;41264;1970;Science (Aug. 21, 1970);60396
1061;Mexico;41265;1977;NULL;NULL
1062;The Babylonian Laws;41266;1955;NULL;NULL
1063;Anthropology;41267;1977;NULL;NULL
1064;Ideologia de los Aztecas;41268;NULL;NULL;NULL
1065;Coatlicue;41269;1959;NULL;NULL
1066;Food of the Gods in Ancient Sumer;41270;1943;Bulletin of the John Rylands Library;60397
1067;The History of Neolithic Cultures;41271;1963;Prehistory and the Beginnings of Civilization (Hawkes, J. Woolley, L.);60398
1068;Cultural and Social Anthropology;41272;1976;NULL;NULL
1069;Primitive Democracy in Ancient Mesopotamia;41273;1970;Toward the Image of Tammuz (Moran, W. L.);60399
1070;Treasures of Darkness;41274;1976;NULL;NULL
1071;Sumerian Mythology;41275;1961;NULL;NULL
1072;The Sumerians;41276;1963;NULL;NULL
1073;Gilgamesh;41277;1970;NULL;NULL
1074;Ancient Society;41278;1974;NULL;NULL
1075;The Human Adventure;41279;1976;NULL;NULL
1076;Ancient Mexico;41280;1959;NULL;NULL
1077;The Role of Trans-Pacific Contacts in the Development of New World Pre-Columbian Civilization;41281;1975;Rise and Fall of Civilizations (Sabloff, J. A., Lamberg-Karlovsky C. C.);60400
1078;Review of Archaeological Evidence on Animal Domestication in the Prehistoric Near East;41282;1960;"Prehistoric Investigations in Iraqi Kurdistan (Braidwood, R.J; Howe, B.)";60401
1079;Women in Transition: Crete and Sumer;41283;1977;"Becoming Visible: Women in European History (Bridenthal, R.; Koonz, C.)";60402
1080;Ancient Iraq;41284;1963;NULL;NULL
1081;Historia General de las Cosas de Nueva Espana;41285;1938;NULL;NULL
1082;Poems of Heaven and Hell from Ancient Mesopotamia;41286;1971;NULL;NULL
1083;Burning Water: Thought and Religion in Ancient Mexico;41287;1956;NULL;NULL
1084;Comentarios al Codice Borgia;41288;1963;NULL;NULL
1085;The Daily Life of the Aztects on the Eve of the Spanish Conquest;41289;1962;NULL;NULL
1086;The Prehistoric Aegean;41290;1965;NULL;NULL
1087;Aztecs of Mexio;41291;1966;NULL;NULL
1088;The Sumerians;41292;1965;NULL;NULL
1089;Metaphysical Feminism;41293;1977;Going Too Far: The Personal Chronicle of A Feminist;60403
1090;The Kin of Ata Are Waiting for You;41294;1976;NULL;NULL
1091;Woman on the Edge of Time;41295;1976;NULL;NULL
1092;From the Legend of Biel;41296;1975;NULL;NULL
1093;Women's Fantasies and Feminist Utopias;41297;1977;NULL;NULL
1094;Herland;41298;1980;NULL;NULL
1095;The Female Man;41299;1974;NULL;NULL
1096;The Tao of Physics;41300;1977;NULL;NULL
1097;Racial Oppression in America;40011;1972;NULL;NULL
1098;Kindred;40012;1979;NULL;NULL
1099;Open Veins of Latin America;40013;1974;NULL;NULL
1100;El Son Entero, La Voz de Nicolas Guillen;40014;NULL;NULL;NULL
1101;Ain´t I a Woman;40015;1981;NULL;NULL
1102;The Broken Spears: The Aztec Account of the Conquest of Mexico;40016;1962;NULL;NULL
1103;The Rise and Fall of Black Slavery;40017;1975;NULL;NULL
1104;Law and the Rise of Capitalism;40018;1977;NULL;NULL
1105;A Distant Mirror;40019;1978;NULL;NULL
1106;A People´s History of the United States;40020;1980;NULL;NULL
1107;The Winner Names the Age;40061;1978;NULL;NULL
1108;Studying Slavery;40057;1981;"But Some Of Us Are Brave (Hull, Gloria T.; Bell Scott, Patricia; Smith, Barbara)";60000
1109;The Collected Last Plays of Lorraine Hansberry ;40063;1973;NULL;NULL
1110;Killers of the Dream;40064;1949;NULL;NULL
1111;In Search of Our Mothers´ Gardens;40067;1977;Working It Out;60002
1112;Sula;40068;1975;NULL;NULL
1113;Zora Neale Hurston;40069;1977;NULL;NULL
1114;Imitation of Life;40070;1933;NULL;NULL
1115;Ain´t I a Woman;40015;1981;NULL;NULL
1116;The Black Woman´s Role in the Community of Slaves;40071;1971;Black Scholar;60007
1117;Harriet Tubman: Moses of Her People;40072;1974;NULL;NULL
1118;Daughters of America;40073;NULL;NULL;NULL
1119;Racism and Classism in the Lesbian Community;40074;1980;Top Ranking;60011
1120;Our Hidden Heritage;40075;1974;NULL;NULL
1121;Genesis, 21;40076;NULL;NULL;NULL
1122;One Child of One´s Own;40077;1981;"But Some Of Us Are Brave (Hull, Gloria T.; Bell Scott, Patricia; Smith, Barbara)";60000
1123;The Harriet Powers Pictorial Quilts;40078;NULL;Black Art Vol. 3 No. 4;60015
1124;Painting and Experience in Fifteenth-Century Italy;40079;1982;NULL;NULL
1125;Anonymous Was a Woman;40080;1979;NULL;NULL
1126;Interview with Houston Conwill;40081;NULL;Black Art Vol. 3 No. 1;60017
1127;Poor-Black, Rich-White: WOmen in La Guaracha del Macho Camacho;40102;1978;Studies in Afro-Hispanic Literature, Vol. II-III;60030
1128;The Black Puerto Rican Woman in Contemporary American Society;40103;1979;The Puerto Rican Woman (Acosta-Belén, Edna);60031
1129;Contemporary Women Authors of Latin America;40104;1982;NULL;NULL
1130;The Emigration Dialectic;40105;1980;NULL;NULL
1131;This Bridge Called My Back;40106;1981;NULL;NULL
1132;Herejes y mitificadores: muestra de poesía puertoriqueña en los Estados Unidos;40107;1980;NULL;NULL
1133;Vortice: Literatura, Arte y Critica, Vol. III No. 2-3;40108;1979;NULL;NULL
1134;An Anthology of Puerto Rican Words and Feelings;40109;1975;NULL;NULL
1135;Constructive Criticism: A Handbook;40110;1976;NULL;NULL
1136;Definitions of Racism;40111;1978;NULL;NULL
1137;Rooting Out Racism;40112;1977;Issues in Radical Therapy 17 (Winter 1977);60032
1138;Fact Sheets on Institutionalized Racism;40113;1978;NULL;NULL
1139;Co-Counseling Workshop on Racism;40114;1972;NULL;NULL
1140;Re-evaluation Therapy: Theoretical Framework;40115;1972;Journal of Humanistic Psychology (Spring 1972);60033
1141;Face-to-Face, Day-to-Day - Racism CR;40116;1982;Heresies #15 - Racism is the Issue;NULL
1142;Co-Counseling Workshop on Oppressions;40117;1979;NULL;60034
1143;Janis Joplin;40240;1982;Beginning to See the Light;60081
1144;Sound Effects;40241;1981;NULL;NULL
1145;Towards a Female Liberation;40242;1982;Social Text (No. 6, Fall 1982);60082
1146;Toms, Coons, Mulattoes, Mammies, and Bucks;40243;1973;NULL;NULL
1147;Everything and Nothing: The Dorothy Dandridge Tragedy;40244;1970;NULL;NULL
1148;Dorothy Dandridge;40245;1970;NULL;NULL
1149;The Mind Managers;40246;1973;NULL;NULL
1150;Dependency Road: Class, Culture and Communication in Canada;40247;1982;NULL;NULL
1151;In the Name of Feminist Film Criticism;40248;1980;Heresies #9 - Organized Women Divided;60083
1152;Why Women go to Movies;40249;1982;Jump Cut No. 27;60084
1153;Feminism and Film;40250;1982;Jump Cut No. 27;60084
1154;Is there a Feminine Aesthetic?;40251;1977;New German Critique No. 10;60085
1155;The Contemporary Witch, the Historical Witch, and the Witch Myth;40252;1978;NGC, No. 15;60086
1156;Weiblicher Lebenszusammenhang;40253;1976;NULL;NULL
1157;The Years Have Not Been Kind to Lois Weber;40254;1975;Village Voice;60087
1158;Lois Weber;40255;1975;Notable American Women Vol. III;60088
1159;Muse of the Reel;40256;1921;Motion Picture Magazien, Vol. 21 No. 2;60089
1160;How I Became a Motion Picture Director;40257;1915;Paramount Magazine, Vol. 1 No. 2;60090
1161;´A Good Place to Work´: Industrial Workers and Occupational Choice: The Case of Berkshire Women;40258;1979;Journal of Interdisciplinary History, Vol. 10 No. 2;60091
1162;Woman´s Place in Photoplay Production;40259;1914;Moving Picture World;60092
1163;The Domestic Directress;40260;1920;Motion Picture Magazine, Vol. 19 No. 6;60093
1164;On the Lot with Lois Weber;40261;1917;Photoplay;60094
1165;Women Directors of Plays and Pictures;40276;1920;The Ladies Home Journal Vol. 37 No. 12;60097
1166;A Lady General of the Motion Picure Army - Lois Weber Smalley, Virile Director;40277;1915;Photoplay;60094
1167;The Gate Women Don´t Crash;40278;1927;Liberty: A Weekly for Everybody;60098
1168;The price of Success in Movies Is Sacrifice Says Thrill Creator;40279;1916;Milwaukee Journal (Jan. 2, 1916);60099
1169;The Greatest Woman Director in the World;40280;1916;The Moving Picture Weekly (May 20, 1916);60100
1170;Romance Plus Common Sense;40281;1923;Motion Picture Classic Vol. 16;60101
1171;Some Silent Sinners;40282;1958;Films and Filming, Vol. 4 No. 6;60102
1172;Ill Seen, Ill Said;40283;1974;NULL;NULL
1173;The Avant-Garde and Its Imaginary;40284;1977;Camera Obscura, No. 2;60103
1174;Mutations of Film Narrative;40285;1982;Idiolects, No. 12;60104
1175;Visual Pleasure and Narrative Cinema;40286;1974;Screen (1974);60105
1176;Reflections on Experimental Film;40287;1982;NULL;NULL
1177;Visual and Anti-Visual Films;40288;1978;The Avant-Garde Film;60106
1178;The Sociology of Housework;40289;1974;NULL;NULL
1179;Autobiographie d´une Pionniere du Cinema;40290;1976;NULL;NULL
1180;A Woman´s Place in Photoplay Productions;40291;1914;Moving Picture World;60092
1181;The Essence of the Cinema: The Visual Idea;40292;1978;The Avant-Garde Film;60106
1182;City Limits;40293;1982;NULL;NULL
1183;Innocent Blood;40294;1981;NULL;NULL
1184;Sonatina Followed by Another;40295;1953;Bee Time Vine;60107
1185;The New Theater;40678;1965;Tulane Drama Review 10;60212
1186;Looking Myself in the Mouth;40679;1981;October 17;60213
1187;More Than Meat Joy;40680;1979;NULL;NULL
1188;Interview with Rachel Rosenthal;60214;1979;Performance Art 2;60214
1189;Lynn Herschman Is Not Roberta Breitmore;40682;1978;NULL;NULL
1190;Interview with Eleanor Antin;40683;1981;Profile 1;60215
1191;Middletown;40684;1956;NULL;NULL
1192;Learning from Las Vegas;40685;1977;NULL;NULL
1193;Television: Technology and Cultural Form;40686;1977;NULL;NULL
1194;Meet the Press: On Paper Tiger Television;40687;1983;Afterimage, Vol. 11;60216
1195;Loving with a Vengenace;40688;1982;NULL;NULL
1196;The Political Economy of the Television (Super) Text;40689;1984;Quarterly Review of Film Studies, Vol. 9, No. 3;60217
1197;The People as Consumer;40690;1933;Recent Social Trends in the United States;60218
1198;Worker´s Control in America: Studies in the History of Work, Technology and Labor Struggles;40691;1979;NULL;NULL
1199;Charlotte Perkins Gilman and the Kitchenless Home;40692;1980;Radical History Review, 21;60219
1200;The Industrial Revolution in the Home: Household Technology and Social Change in the Twentieth Century;40693;1976;Technology and Culture;60220
1201;More Work for Mother;40694;1983;NULL;NULL
1202;The Principles of Scientific Management;40695;1915;NULL;NULL
1203;The Psychology of Management;40696;1914;NULL;NULL
1204;Dishing That Fan Mag Stuff;40757;1936;Variety 24;60239
1205;Magazine Circulation Analysis, 1937-1948;40758;1949;NULL;NULL
1206;The Triumph of Mass Idols;40759;1961;Literature, Popular Culture and Society;60240
1207;Mythologies;40760;1957;NULL;NULL
1208;Marching to a Different Drummer: Lesbians and Gay GIs in World War II;40761;1983;Powers of Desire;60241
1209;Wartime Shipyard;40762;1947;NULL;NULL
1210;Wartime Women;40763;1981;NULL;NULL
1211;Working-Class Women and Recruitment Propaganda during World War II: Class Differences in the Portrayal of War Work;40764;1983;Signs 8, No. 4;60242
1212;Selections from the Prison Notebooks of Antonio Gramsci;40765;1971;NULL;NULL
1213;Introduction;40766;1981;Coronation Street;60243
1214;Are You a Woman Without a Man?;40767;1943;Photoplay-Movie-Mirror 22, No. 2;60244
1215;Reading the Romance;40768;1984;NULL;NULL
1216;Women Read the Romance: The Interaction of Text and Context;40769;1983;Feminist Studies 9, No. 1;60245
1217;`Returning to Mandalay` - Romance Fiction, Female Sexuality and Class;40770;1984;Feminist Review 16;60246
1218;Workingman´s Wife: Her Personality, World, and Lifestyle;40771;1959;NULL;NULL
1219;The Social Relations of Cultural Production: Absent Centre of a New Discourse;40772;1980;One-Dimensional Marxism;60247
1220;A Small Personal Voice;40907;1975;NULL;NULL
1221;The Greenham Factor;40908;1983;NULL;NULL
1222;Greenham Common: Women at the Wire;40909;1984;NULL;NULL
1223;Greenham Common;40910;1983;Women´s Encampment Resources Handbook;60281
1224;Holding the Line at Greenham;40911;1985;Mother Jones, Vol. X, NO. 11;60282
1225;At Least Cruise is Clean;40912;1984;NULL;NULL
1226;Fighting for Hope;40913;1984;NULL;NULL
1227;Issue: Social Strategies by Women Artists;40914;1980;NULL;NULL
1228;Keeping the Peace;40915;1983;NULL;NULL
1229;Order Out Of Chaos;40916;1984;NULL;NULL
1230;Three Guineas;40917;1938;NULL;NULL
1231;Wigan Pier Revisited: Poverty and Politics in the 80´s;40918;1984;NULL;NULL
1232;Breaching the Peace;40919;1983;NULL;NULL
1233;Greenham Women Everywhere;40920;1983;NULL;NULL
1234;Press Coverage;40921;1984;Spare Rib, No. 142;60283
1235;Piecing it Together: Feminism and Nonviolence;40922;1983;NULL;NULL
1236;The Second Sex;40033;1974;NULL;NULL
1237;The Fate of The Earth;40923;1982;NULL;NULL
1238;It´ll Make a Man of You;40924;1983;NULL;NULL
1239;Scientists, in Pentagon´s Sleaziest Job, Rehearse World War III to Test Effects;40925;1984;The International Herald Tribune, June 13;60284
1240;Pigs Shot in War Game;40926;1984;The Observer;60285
1241;Development and the Environmental Crisis;40927;1984;NULL;NULL
1242;The Greenham Factor;40908;1983;NULL;NULL
1243;On Revolution;40928;1962;NULL;NULL
1244;My Country is the Whole World;40929;1984;NULL;NULL
1245;Day by day field reports in Mountford;40930;1960;NULL;
1246;Women, Taboo, and the Suppression of Attention;40931;1978;Defining Females: The Nature of Women in Society (Ardener, Shirley et al.);60286
1247;Changing Food Habits;40932;1964;NULL;NULL
1248;Eat Not This Flesh: Food Avoidances in the Old World;40933;1961;NULL;NULL
1249;The Savage Mind;40934;1966;NULL;NULL
1250;Purity and Danger: an Analysis of Concepts of Pollution and Taboo;40935;1966;NULL;NULL
1251;Natural Symbols;40936;1973;NULL;NULL
1252;Good to Eat;40937;1985;NULL;NULL
1253;Nutritional Stress and Economic Responsibility: A Study of Nigerian Women;40938;1983;Woman and Poverty in the Third World (Buvinic, Mayra);60287
1254;Meidation of Contradiction: Why Mbum Women Do Not Eat Chicken;40939;1974;Woman, Culture, and Society;60288
1255;Title Essay in Secual Stratifictaion: A Cross-cultural View;40940;1977;NULL;NULL
1256;Third World Women Speak Out: Interviews in Six Countries on Change, Development, and Basic Needs;40941;1979;NULL;NULL
1257;Eating in America: A History;40965;1976;NULL;NULL
1258;Who Really Starves: Women and World Hunger;40966;1977;NULL;NULL
1259;Intelligence Report: Does Diet Determine Sex?;40967;1982;Parade Magazine;60300
1260;The Annotated Mother Goose;40968;1962;NULL;NULL
1261;The Woman´s Bible;40969;1974;NULL;NULL
1262;Eat Not This Flesh: Food Avoidances in the Old World;40933;1967;NULL;NULL
1263;Mediation of Contradiction: Why Mbum Women do not eat Chicken;40970;1974;Woman, Culture, and Society;60288
1264;Pracitcal Dietary for Families, Schools, and the Labouring Classes;40971;1864;NULL;NULL
1265;Round About a Pound per Week;40972;1979;NULL;NULL
1266;Marriage as a Trade;40973;1909;NULL;NULL
1267;Medicine and Slavery: The Diseases and Health Care of Blacks in Antebellum Virginia;40974;1978;NULL;NULL
1268;Proteins: Their Chemistry and Politics;40975;1965;NULL;NULL
1269;Nutritional;40976;1975;NULL;NULL
1270;The Vegetarians;40977;1979;NULL;NULL
1271;Deciphering a Meal;40978;1975;Implicit Meanings: Essays in Anthropology;60301
1272;The Total Woman Cookbook;40979;1980;NULL;NULL
1273;Birds of America;40980;1965;NULL;NULL
1274;Violence Against Wives: A Case Against the Patriarchy;40981;1979;NULL;NULL
1275;Scream Quietly or the Neighbors will Hear;40982;1974;NULL;NULL
1276;´Tempest in a Flesh-Pot´: The Formulation of a Physiological Rationale for Vegetarianism;40983;1977;Journal of the History of Medicine;60302
1277;Women in American Music: A Bibliography of Music and Literatur;41047;1979;NULL;NULL
1278;In Search of the Primitive;41048;1974;NULL;NULL
1279;Earth Dancing: Mother Nature´s Oldest Rite;41049;1980;NULL;NULL
1280;Wives of the God King: The Ritual of the Devadasis of Puri;41050;1985;NULL;NULL
1281;Sound Producing Instruments in Traditional Society: A study of esoteric instruments and their role in male-female relationships;41051;1975;New Guinea Research Bulletin #60;60314
1282;Women´s Encyclopedia of Myths and Secrets;41052;1983;NULL;NULL
1283;Women´s Culture Renaussance of the Seventies;41053;1981;NULL;NULL
1284;Countercultures;41054;1982;NULL;NULL
1285;The Social Structure of Sound: The Temiar of Peninsular Malaysia;41055;1984;Ethnomusicology, Vol. 28, No. 3;60315
1286;Sound Structure as Social Structure;41056;1984;Ethnomusicology, Vol. 28, No. 3;60315
1287;Nineteenth Century Chant;41057;1982;NULL;NULL
1288;Through Music to the Self;40942;1978;NULL;NULL
1289;China on Stage;41062;1972;NULL;NULL
1290;China Shakes the World;41063;1972;Monthly Review Press;60316
1291;Daily Life in Revolutionary China;41064;1972;Monthly Review Press;60316
1292;Chinese Women in the Fight for Socialism;41065;1977;NULL;NULL
1293;They Made Revolution Within the Revolution;41066;1986;NULL;NULL
1294;Five Chinese Communities Plays;41067;1975;NULL;NULL
1295;Your Own Good;41122;1983;NULL;NULL
1296;Metamorphosis;41123;1958;NULL;NULL
1297;Sexual Violence;41124;1984;NULL;NULL
1298;On Lies, Secrets, and Silence;41125;1979;NULL;NULL
1299;no title listed;41126;1984;American Journal of Psychiatry 14 (3);60344
1300;Women´s Time;41301;1981;NULL;NULL
1301;Sexual/Textual Politics: Feminist Literary Theory;41302;1985;NULL;NULL
1302;This Sex Which Is Not One;41303;1981;"New French Feminism - An Anthology (Marks, Elaine; de Courtivron, Isabelle)";60404
1303;The MadWoman in the Attic: The Woman Writer and the Nineteenth Century Literary Imagination;41110;1979;NULL;NULL
1304;Old Mistresses: Women, Art and Ideology;41304;1981;NULL;NULL
1305;Le Corps á coprs avec la mère;41305;1981;NULL;NULL
1306;This Essentialism Which Is Not One: Coming to Grips with Irigaray;41306;1987;NULL;NULL
1307;Art News;41307;1987;NULL;NULL
1308;Art & Ardor;41308;1984;NULL;NULL
1309;Dorothea Tanning´s Occult Drawings;41309;NULL;Art Criticism, Vol. 3, No. 2;60405
1310;Women, Art and Society;41310;1989;NULL;NULL
1311;Feminine Aesthetics;41311;1985;NULL;NULL
1312;Old Mistresses: Women, Art and Ideology;41304;1981;NULL;NULL
1313;Feminist Practice and Poststructuralist Theory;41312;1987;NULL;NULL
1314;Sexual/Textual Politics: Feminist Literary Theory;41302;1985;NULL;NULL
1315;"Images of women and ""la peinture feminine""";41313;1987;NULL;NULL
1316;An Interview with Tatyana Tolstaya;41314;1990;Border/Lines 20/21;60406
1317;Belles des Arts;41315;1991;A chicken is no Bird;60407
1318;Old Mistresses: Women, Art and Ideology;41304;1981;NULL;NULL
1319;Vision, Voice and Power: Feminist Art History and Marxism;41316;1982;Block 6;60408
1320;Mothers and Daughters: Women of the Intelligentsia in Nineteenth Century Russia;41317;1987;NULL;NULL
1321;Preface to Catalogue of One-Man [sic] Exhibition, 1913;41318;1976;Russian Art of the Avantgarde, Theory and Criticism: 1902-1935 (John Bowlt, ed.);60409
1322;Vision and Difference: Femininity, Feminism and the Histories of Art;41319;1988;NULL;NULL
1323;The Russian Woman and her Avant-Garde;41320;1979;Women Artists of the Russian Avant-Garde 1910-1930;60410
1324;´Bases of the New Creation´: Women Artist and Constructivism;41321;1980;Arts Magazine, October 1980;60411
1325;Russian Art in 1886;41322;NULL;NULL;NULL
1326;The Silent Sex;41323;1991;A chicken is no Bird;60407
1327;Soviet Women: Walking the Tightrope;41324;1990;NULL;NULL
1328;No Matryoshkas Need Apply;41325;1991;The New York Times, Monday, November 25, 1991;60412
1329;Why Have there Been No Great Women Artists?;41326;1971;Woman in Sexist Society;60272
1330;Minorities in the World System - The Theoretical and Political Implications of the Internationalization of Minorities;41327;1988;Racism, Sexism, and the World-System (Smith, Joan et al., ed.);60413
1331;Latino/Hispanic: Who needs a name? The case against a standardized terminology.;41328;1989;International Journal of Health Services 19, no. 3;60414
1332;The Political Construction of the Hispanic;41329;1989;"Estudios Chicanos and the Politics of Community (Romero, M.; Candelaria, Cordelia; ed.)";60415
1333;U.S. Ethnic Politics: Implications for Latin Americans;41330;1992;Latin American Perspectives 19, no. 4;60416
1334;Mascando Inglés (Chewing English);21827;1987;NULL;NULL
1335;Resistance and Affirmation in African Diaspora Latin Communities;21828;1990;NULL;NULL
1336;Maroon Societies: Rebel Slave Communities in the Americas;41333;1979;NULL;NULL